,DateDate_delta,Weekly U.S. All Grades All Formulations Retail Gasoline Prices  (Dollars per Gallon),Weekly U.S. Commercial Crude Oil Imports Excluding SPR  (Thousand Barrels per Day),Weekly U.S. Crude Oil Imports by SPR  (Thousand Barrels per Day),Weekly U.S. Imports of Total Gasoline  (Thousand Barrels per Day),Weekly U.S. Imports of Kerosene-Type Jet Fuel  (Thousand Barrels per Day),Weekly U.S. Imports of Distillate Fuel Oil  (Thousand Barrels per Day),Weekly U.S. Imports of Residual Fuel Oil  (Thousand Barrels per Day),Weekly U.S. Exports of Crude Oil and Petroleum Products  (Thousand Barrels per Day),Weekly U.S. Exports of Crude Oil  (Thousand Barrels per Day),Weekly U.S. Net Imports of Crude Oil and Petroleum Products  (Thousand Barrels per Day)
2,1993-04-05,1.068,3459,172,271,24,58,411,1224,138,5653
3,1993-04-12,1.079,3354,339,398,0,36,661,1224,138,5349
4,1993-04-19,1.079,3494,176,125,40,115,883,1510,242,4711
5,1993-04-26,1.086,2954,140,230,0,36,678,1510,242,4678
6,1993-05-03,1.086,3008,120,75,0,82,507,1025,167,6102
7,1993-05-10,1.097,3199,297,205,21,84,795,1025,167,5016
8,1993-05-17,1.106,3774,409,267,46,83,800,1025,167,5716
9,1993-05-24,1.106,3736,70,190,0,0,581,1025,167,5707
10,1993-05-31,1.107,3540,87,107,21,169,540,871,122,6414
11,1993-06-07,1.104,2924,185,147,0,61,717,871,122,6678
12,1993-06-14,1.101,3371,52,226,51,86,717,871,122,5634
13,1993-06-21,1.095,3795,228,146,18,65,531,871,122,6462
14,1993-06-28,1.089,4117,258,416,21,111,931,892,127,6196
15,1993-07-05,1.086,2822,221,221,7,318,677,892,127,7554
16,1993-07-12,1.081,2857,23,102,0,42,551,892,127,6578
17,1993-07-19,1.075,3237,149,184,46,103,357,892,127,7073
18,1993-07-26,1.069,2276,154,137,0,143,516,892,127,7913
19,1993-08-02,1.062,2818,142,208,18,89,787,1062,156,7371
20,1993-08-09,1.06,2492,89,85,5,90,591,1062,156,6927
21,1993-08-16,1.059,3145,178,178,79,31,393,1062,156,6553
22,1993-08-23,1.065,2812,242,157,37,54,869,1062,156,8029
23,1993-08-30,1.062,2919,358,160,55,47,437,882,115,5670
24,1993-09-06,1.055,2008,149,142,2,21,712,882,115,6392
25,1993-09-13,1.051,1701,255,191,13,51,470,882,115,7596
26,1993-09-20,1.045,1778,298,56,0,32,756,882,115,6270
27,1993-09-27,1.047,1761,161,118,0,64,704,1002,126,6535
28,1993-10-04,1.092,2053,222,197,0,24,771,1002,126,7070
29,1993-10-11,1.09,1922,177,163,0,14,437,1002,126,8152
30,1993-10-18,1.093,1741,81,201,13,105,974,1002,126,7411
31,1993-10-25,1.092,2724,217,53,0,11,399,1002,126,6906
32,1993-11-01,1.084,2167,250,260,24,127,830,798,73,7595
33,1993-11-08,1.075,3093,217,171,0,14,680,798,73,6583
34,1993-11-15,1.064,3232,180,150,3,27,554,798,73,8289
35,1993-11-22,1.058,2857,325,215,3,51,1096,798,73,6949
36,1993-11-29,1.051,3594,379,301,19,60,728,1047,145,5896
37,1993-12-06,1.036,3014,162,243,4,201,357,1047,145,6277
38,1993-12-13,1.018,3510,81,125,3,86,602,1047,145,6492
39,1993-12-20,1.003,3311,81,339,56,143,535,1032,139,6088
40,1993-12-27,0.999,3347,301,436,0,261,682,1032,139,5685
41,1994-01-03,0.992,2932,294,221,67,177,766,1009,139,6748
42,1994-01-10,0.995,3619,359,88,5,280,434,1009,139,7211
43,1994-01-17,1.001,3672,162,145,48,234,779,1009,139,6628
44,1994-01-24,0.999,4501,409,199,5,249,490,1042,140,5342
45,1994-01-31,1.005,3382,286,495,6,263,877,983,120,7480
46,1994-02-07,1.007,3612,158,329,0,415,711,983,120,6967
47,1994-02-14,1.016,4042,307,156,18,220,607,983,120,6339
48,1994-02-21,1.009,4135,251,313,0,181,621,1020,117,6694
49,1994-02-28,1.004,3214,477,305,39,358,663,976,130,5181
50,1994-03-07,1.007,3917,393,105,66,200,550,976,130,7083
51,1994-03-14,1.005,4900,223,232,30,169,598,976,130,6503
52,1994-03-21,1.007,3778,337,177,89,294,901,1007,129,5796
53,1994-03-28,1.012,3565,370,253,69,329,642,1007,129,6706
54,1994-04-04,1.011,3817,310,209,43,161,675,1039,145,4736
55,1994-04-11,1.028,4614,116,258,37,258,542,1039,145,6887
56,1994-04-18,1.033,2964,522,272,0,421,819,1039,145,4882
57,1994-04-25,1.037,3337,40,228,95,113,668,1029,137,7235
58,1994-05-02,1.04,3778,133,356,60,96,450,1090,144,5496
59,1994-05-09,1.045,3123,258,338,23,215,853,1090,144,6148
60,1994-05-16,1.046,3872,90,367,16,150,684,1090,144,5718
61,1994-05-23,1.05,2754,84,382,24,297,728,1195,138,5884
62,1994-05-30,1.056,3164,113,199,63,199,834,1114,137,5876
63,1994-06-06,1.065,2953,52,198,30,248,773,1114,137,7288
64,1994-06-13,1.073,3633,461,261,0,72,596,1114,137,6682
65,1994-06-20,1.079,3186,70,175,17,280,591,1057,127,6267
66,1994-06-27,1.095,3447,311,304,21,165,426,1057,127,6773
67,1994-07-04,1.097,2465,271,231,28,156,622,986,126,6699
68,1994-07-11,1.103,3159,266,115,17,254,644,986,126,6541
69,1994-07-18,1.109,2859,236,173,37,212,810,986,126,7435
70,1994-07-25,1.114,3064,171,242,108,218,815,986,126,6369
71,1994-08-01,1.13,2824,94,224,87,296,862,945,108,7190
72,1994-08-08,1.157,3306,46,154,117,495,725,945,108,6688
73,1994-08-15,1.161,2252,100,167,136,526,1480,945,108,6892
74,1994-08-22,1.165,3372,115,342,46,388,902,957,108,5822
75,1994-08-29,1.161,3225,94,283,27,599,898,972,120,6608
76,1994-09-05,1.156,2734,43,132,22,281,736,972,120,8568
77,1994-09-12,1.15,3900,46,346,11,120,371,972,120,7307
78,1994-09-19,1.14,3608,168,175,23,139,851,981,117,6851
79,1994-09-26,1.129,3080,76,494,70,101,539,981,117,7451
80,1994-10-03,1.12,3185,362,452,28,92,561,947,106,6545
81,1994-10-10,1.114,3247,244,237,63,250,493,947,106,8529
82,1994-10-17,1.106,3428,0,277,11,25,524,947,106,7138
83,1994-10-24,1.107,3025,262,108,0,272,474,972,105,7002
84,1994-10-31,1.121,3415,90,358,39,154,668,994,116,6432
85,1994-11-07,1.123,3400,177,397,33,131,371,994,116,7485
86,1994-11-14,1.122,3539,178,243,11,52,530,994,116,7443
87,1994-11-21,1.113,4029,149,215,22,202,749,1016,117,6720
88,1994-11-28,1.117,2831,192,316,11,300,459,1062,119,7030
89,1994-12-05,1.127,4117,283,457,26,458,649,1062,119,7280
90,1994-12-12,1.131,3182,338,140,69,384,496,1062,119,9146
91,1994-12-19,1.134,3895,453,132,0,326,398,1072,115,6529
92,1994-12-26,1.125,2860,52,356,21,295,795,1072,115,7491
93,1995-01-02,1.127,3746,554,261,49,298,774,1011,111,7484
94,1995-01-09,1.134,3557,160,186,21,71,637,1011,111,5992
95,1995-01-16,1.126,3623,402,204,11,291,536,1011,111,7355
96,1995-01-23,1.132,3782,328,265,29,198,469,990,111,7009
97,1995-01-30,1.131,2676,179,225,10,211,584,1061,121,7136
98,1995-02-06,1.124,2840,474,276,44,128,552,1061,121,7292
99,1995-02-13,1.121,3556,315,105,21,355,530,1061,121,7195
100,1995-02-20,1.115,3218,213,81,71,344,348,1071,121,6039
101,1995-02-27,1.121,3013,17,313,11,214,486,1071,121,6892
102,1995-03-06,1.123,2705,170,263,21,209,442,1103,114,7721
103,1995-03-13,1.116,3483,90,348,27,182,634,1103,114,6737
104,1995-03-20,1.114,3037,0,323,21,167,362,1103,114,7320
105,1995-03-27,1.121,2396,44,373,28,395,588,1102,114,7030
106,1995-04-03,1.133,3284,94,180,9,313,653,1029,119,7251
107,1995-04-10,1.149,3746,145,247,49,313,471,1029,119,7216
108,1995-04-17,1.163,3714,142,261,35,464,666,1029,119,6545
109,1995-04-24,1.184,3436,45,417,85,400,387,1044,110,7291
110,1995-05-01,1.194,3457,71,411,27,182,479,1021,109,6144
111,1995-05-08,1.216,3691,314,246,57,377,654,1021,109,7685
112,1995-05-15,1.226,4492,377,426,0,274,423,1021,109,6405
113,1995-05-22,1.244,3282,122,123,14,389,317,1021,109,8205
114,1995-05-29,1.246,2809,292,201,0,352,386,986,108,6515
115,1995-06-05,1.246,2974,254,270,42,262,718,986,108,7970
116,1995-06-12,1.243,2938,146,529,0,235,308,986,108,6990
117,1995-06-19,1.236,3590,267,363,39,215,600,986,108,7729
118,1995-06-26,1.229,3570,224,335,8,201,683,981,111,8437
119,1995-07-03,1.222,2576,228,100,0,241,631,962,109,7086
120,1995-07-10,1.212,2593,193,112,29,348,498,962,109,8099
121,1995-07-17,1.2,3193,49,140,61,322,733,962,109,6942
122,1995-07-24,1.191,2685,421,306,64,201,182,962,109,7721
123,1995-07-31,1.179,2260,185,204,39,119,770,1004,110,6663
124,1995-08-07,1.174,2524,438,320,63,262,383,1004,110,7653
125,1995-08-14,1.172,2264,75,211,0,227,499,1004,110,8436
126,1995-08-21,1.171,2579,50,103,0,146,531,1002,103,7340
127,1995-08-28,1.163,2424,92,566,30,225,607,954,104,6953
128,1995-09-04,1.16,1760,109,393,28,147,447,954,104,7314
129,1995-09-11,1.158,2572,88,459,0,207,633,850,104,8709
130,1995-09-18,1.157,3320,37,326,16,87,542,856,104,6345
131,1995-09-25,1.156,3132,87,389,69,209,537,842,107,7182
132,1995-10-02,1.151,3259,37,374,0,0,421,845,108,8228
133,1995-10-09,1.144,2727,50,320,0,258,203,845,108,7255
134,1995-10-16,1.133,3496,49,193,0,352,250,845,108,6638
135,1995-10-23,1.125,3093,50,344,0,283,235,816,112,8819
136,1995-10-30,1.115,3688,242,246,46,157,327,866,107,6997
137,1995-11-06,1.112,4316,127,543,0,314,347,866,107,7168
138,1995-11-13,1.109,2902,156,303,0,412,82,885,107,6986
139,1995-11-20,1.106,3885,246,282,0,124,345,885,107,7246
140,1995-11-27,1.107,3578,302,659,40,222,686,914,107,7225
141,1995-12-04,1.108,3247,195,619,168,319,405,858,100,7277
142,1995-12-11,1.11,2749,85,351,21,358,280,858,100,8488
143,1995-12-18,1.124,3666,214,294,52,165,262,848,100,7677
144,1995-12-25,1.128,2745,170,443,22,183,244,848,100,8498
145,1996-01-01,1.129,3180,219,515,0,299,366,860,114,6853
146,1996-01-08,1.139,3352,60,401,17,140,405,860,114,8499
147,1996-01-15,1.145,3418,204,265,52,108,413,860,114,7693
148,1996-01-22,1.138,2441,465,410,26,75,378,865,114,6095
149,1996-01-29,1.133,2577,114,536,0,62,616,876,119,8834
150,1996-02-05,1.13,3098,217,275,0,52,387,876,119,8326
151,1996-02-12,1.126,2564,58,217,14,98,304,876,119,7457
152,1996-02-19,1.133,2674,99,284,0,140,547,864,115,6267
153,1996-02-26,1.153,2319,140,284,38,107,226,864,115,7121
154,1996-03-04,1.17,2908,177,371,0,143,348,866,105,7192
155,1996-03-11,1.171,2763,74,311,62,178,453,866,105,7061
156,1996-03-18,1.181,2496,53,251,0,162,472,866,105,6044
157,1996-03-25,1.21,3732,38,158,0,76,604,893,103,6876
158,1996-04-01,1.223,2954,176,213,39,170,441,871,107,8039
159,1996-04-08,1.248,4108,0,471,49,282,507,871,107,7122
160,1996-04-15,1.287,3553,0,168,11,122,162,871,107,7862
161,1996-04-22,1.301,2857,0,356,0,282,683,924,103,7007
162,1996-04-29,1.318,3477,52,131,0,239,655,872,103,6979
163,1996-05-06,1.321,2668,38,428,32,308,572,872,103,7238
164,1996-05-13,1.323,3479,37,450,22,293,341,872,103,8818
165,1996-05-20,1.33,4072,0,296,85,223,319,872,103,6583
166,1996-05-27,1.321,3934,94,446,22,238,722,848,101,7790
167,1996-06-03,1.315,4232,38,385,40,172,628,871,101,7898
168,1996-06-10,1.307,4061,110,306,29,196,536,871,101,7434
169,1996-06-17,1.302,3794,36,351,60,456,748,871,101,8846
170,1996-06-24,1.289,3453,89,340,0,318,488,880,102,7608
171,1996-07-01,1.279,3494,56,292,0,468,290,886,102,8779
172,1996-07-08,1.276,3158,94,216,62,322,719,886,102,8158
173,1996-07-15,1.273,3267,0,135,57,392,511,886,102,7593
174,1996-07-22,1.272,3334,0,126,0,324,517,914,102,7846
175,1996-07-29,1.263,3283,102,141,54,405,425,886,100,7840
176,1996-08-05,1.253,3250,126,840,54,451,456,886,100,8332
177,1996-08-12,1.248,2725,0,368,26,227,422,886,100,9400
178,1996-08-19,1.249,3153,0,297,51,68,682,886,100,8803
179,1996-08-26,1.253,2687,48,430,0,69,503,875,101,7686
180,1996-09-02,1.242,3472,48,520,53,86,686,854,99,8909
181,1996-09-09,1.247,3109,104,305,32,260,602,854,99,9077
182,1996-09-16,1.25,3358,0,200,80,207,710,854,99,8751
183,1996-09-23,1.251,2501,58,262,7,332,173,863,99,8910
184,1996-09-30,1.245,3245,57,287,35,255,706,895,101,7516
185,1996-10-07,1.239,3755,43,334,55,50,409,895,101,9008
186,1996-10-14,1.248,4102,58,319,0,176,588,895,101,9132
187,1996-10-21,1.249,3203,38,230,37,141,226,896,103,7774
188,1996-10-28,1.26,3700,87,260,36,154,408,905,102,9680
189,1996-11-04,1.268,3951,87,672,0,196,413,905,102,7946
190,1996-11-11,1.272,3814,0,190,60,150,503,905,102,8935
191,1996-11-18,1.282,4256,0,415,14,67,161,905,102,7379
192,1996-11-25,1.289,4142,49,437,56,220,677,913,103,8873
193,1996-12-02,1.287,4173,50,439,36,191,791,895,103,7842
194,1996-12-09,1.287,4109,118,727,135,167,697,895,103,7776
195,1996-12-16,1.283,5255,58,258,64,181,562,895,103,7375
196,1996-12-23,1.278,3743,50,311,59,139,832,927,102,7345
197,1996-12-30,1.274,4761,49,394,55,71,713,910,101,7296
198,1997-01-06,1.272,4089,57,321,42,164,519,910,101,8549
199,1997-01-13,1.287,4414,49,474,38,166,490,910,101,8397
200,1997-01-20,1.287,4376,89,402,37,305,485,910,101,7810
201,1997-01-27,1.284,3987,48,394,76,134,981,923,98,6742
202,1997-02-03,1.282,4653,44,122,14,388,707,923,98,8092
203,1997-02-10,1.28,4999,0,257,13,391,398,923,98,7395
204,1997-02-17,1.273,4440,113,388,111,181,664,923,98,7296
205,1997-02-24,1.27,4681,55,237,25,284,449,938,99,7775
206,1997-03-03,1.261,4783,56,314,20,192,703,924,100,7635
207,1997-03-10,1.253,5380,0,418,41,259,657,924,100,7172
208,1997-03-17,1.246,5057,49,252,61,270,588,924,100,6936
209,1997-03-24,1.25,3957,49,360,83,182,779,961,101,6761
210,1997-03-31,1.246,5383,103,277,30,197,459,907,101,5934
211,1997-04-07,1.248,4250,0,192,4,210,589,907,101,8672
212,1997-04-14,1.244,4455,0,263,41,362,406,907,101,7147
213,1997-04-21,1.245,4403,61,268,0,88,511,907,101,6796
214,1997-04-28,1.24,4196,0,379,65,259,781,995,102,6448
215,1997-05-05,1.238,3980,100,185,11,143,692,995,102,8721
216,1997-05-12,1.238,4721,54,271,41,54,426,995,102,7166
217,1997-05-19,1.247,4989,43,204,22,122,468,995,102,6514
218,1997-05-26,1.255,4702,0,360,39,273,767,985,102,8337
219,1997-06-02,1.258,3535,96,103,93,269,588,958,99,7268
220,1997-06-09,1.251,4197,0,352,4,170,836,958,99,6184
221,1997-06-16,1.242,5109,0,258,22,182,587,958,99,8832
222,1997-06-23,1.232,4600,112,166,1,349,734,1004,99,8331
223,1997-06-30,1.226,3865,49,207,53,353,672,967,98,5829
224,1997-07-07,1.222,4091,50,285,0,315,792,967,98,8185
225,1997-07-14,1.219,4755,56,179,23,184,563,967,98,8282
226,1997-07-21,1.222,4470,50,158,39,180,499,932,95,7624
227,1997-07-28,1.216,4390,57,376,19,334,751,932,91,7999
228,1997-08-04,1.237,3375,115,258,0,289,651,932,91,7318
229,1997-08-11,1.272,4087,144,397,36,372,635,932,91,10044
230,1997-08-18,1.274,3691,0,215,24,96,473,932,91,7197
231,1997-08-25,1.288,4734,46,159,0,425,663,927,92,8549
232,1997-09-01,1.287,3922,97,183,55,20,658,898,81,6841
233,1997-09-08,1.288,2288,0,424,128,170,472,898,81,8830
234,1997-09-15,1.281,3855,170,292,8,267,549,898,81,7403
235,1997-09-22,1.269,3675,49,173,16,224,821,900,81,8451
236,1997-09-29,1.255,3881,49,208,32,227,199,831,78,8237
237,1997-10-06,1.254,3482,152,357,17,97,595,831,78,8823
238,1997-10-13,1.248,3572,51,287,20,270,628,831,78,8621
239,1997-10-20,1.238,3510,58,264,28,46,479,831,78,7978
240,1997-10-27,1.228,4249,50,277,43,196,480,784,83,7772
241,1997-11-03,1.221,4652,83,175,16,121,416,843,81,9292
242,1997-11-10,1.222,4285,107,257,15,21,311,843,81,8605
243,1997-11-17,1.213,3533,49,260,14,292,758,843,81,7743
244,1997-11-24,1.207,3822,70,206,14,160,950,877,85,8344
245,1997-12-01,1.197,5135,121,499,39,203,605,828,88,6605
246,1997-12-08,1.187,4067,57,210,32,115,386,828,88,8421
247,1997-12-15,1.176,4467,50,330,12,279,335,828,88,8253
248,1997-12-22,1.167,5643,49,614,47,239,404,723,84,7526
249,1997-12-29,1.158,4642,49,406,0,325,603,835,92,6933
250,1998-01-05,1.148,4680,60,436,64,387,581,835,92,8566
251,1998-01-12,1.14,5100,114,661,15,340,583,835,92,9239
252,1998-01-19,1.129,5133,49,252,22,405,841,835,92,8291
253,1998-01-26,1.112,5242,120,757,41,342,568,849,91,7554
254,1998-02-02,1.108,5976,71,397,13,355,616,850,90,9090
255,1998-02-09,1.101,5279,120,942,31,399,455,850,90,7689
256,1998-02-16,1.085,5605,49,246,14,303,461,850,90,6994
257,1998-02-23,1.09,5771,63,325,0,151,634,850,90,7581
258,1998-03-02,1.075,5072,97,754,17,156,440,934,87,7299
259,1998-03-09,1.065,4820,0,329,53,123,413,954,87,8502
260,1998-03-16,1.055,5414,49,168,23,237,503,954,87,8263
261,1998-03-23,1.047,4360,105,439,43,228,534,954,87,7907
262,1998-03-30,1.077,5075,49,495,40,207,471,954,87,7934
263,1998-04-06,1.074,4963,71,476,53,254,181,925,88,7425
264,1998-04-13,1.072,5097,0,491,6,399,165,925,88,8144
265,1998-04-20,1.075,4618,48,285,13,125,311,925,88,6140
266,1998-04-27,1.086,4423,105,567,0,319,405,925,88,7283
267,1998-05-04,1.095,5742,49,389,16,128,316,925,91,7499
268,1998-05-11,1.109,5717,115,633,35,233,317,925,91,7780
269,1998-05-18,1.109,4481,59,470,7,167,205,925,91,7687
270,1998-05-25,1.108,5385,113,452,26,191,619,925,91,8520
271,1998-06-01,1.104,4955,57,483,52,133,593,977,100,8164
272,1998-06-08,1.113,4501,121,372,18,319,522,977,100,8714
273,1998-06-15,1.104,5472,0,369,42,216,624,977,100,7892
274,1998-06-22,1.096,4623,72,189,20,258,997,977,100,8591
275,1998-06-29,1.096,3975,158,388,26,683,303,943,99,7833
276,1998-07-06,1.097,4316,71,292,39,278,622,943,99,9881
277,1998-07-13,1.092,3756,48,200,0,325,501,943,99,8228
278,1998-07-20,1.097,5858,71,371,27,358,611,916,98,7863
279,1998-07-27,1.088,4039,0,365,21,333,709,916,98,8889
280,1998-08-03,1.077,4762,135,195,0,327,510,1132,284,8211
281,1998-08-10,1.072,4740,41,328,0,287,1074,946,98,9256
282,1998-08-17,1.065,5032,70,212,3,138,675,946,98,8702
283,1998-08-24,1.058,3783,0,437,0,250,760,926,98,9042
284,1998-08-31,1.053,4826,63,164,21,253,589,919,98,8394
285,1998-09-07,1.046,4651,71,114,0,345,333,919,98,8461
286,1998-09-14,1.042,4379,71,234,20,194,437,919,98,8492
287,1998-09-21,1.053,5031,0,514,36,152,559,924,96,8365
288,1998-09-28,1.053,4797,41,110,75,155,769,1084,282,9222
289,1998-10-05,1.059,5122,0,570,101,359,519,898,96,8451
290,1998-10-12,1.063,5859,120,181,176,74,401,895,96,9520
291,1998-10-19,1.058,4286,58,254,57,193,640,895,96,9038
292,1998-10-26,1.055,5229,0,102,0,127,737,875,97,8400
293,1998-11-02,1.05,4404,72,384,39,256,471,996,211,8266
294,1998-11-09,1.048,5297,82,117,0,48,418,882,97,8078
295,1998-11-16,1.037,4508,0,438,29,243,284,882,97,8398
296,1998-11-23,1.03,5785,0,540,42,209,468,993,197,7198
297,1998-11-30,1.015,4787,48,272,102,261,345,917,97,9043
298,1998-12-07,0.996,4521,49,354,328,218,449,913,97,8371
299,1998-12-14,0.987,5463,137,231,0,93,256,913,97,9651
300,1998-12-21,0.986,5157,0,381,202,185,354,1212,396,9080
301,1998-12-28,0.979,4100,64,298,229,222,180,937,96,8175
302,1999-01-04,0.977,5036,48,477,89,125,296,1057,210,9164
303,1999-01-11,0.982,5225,101,321,68,91,482,1129,282,7506
304,1999-01-18,0.985,5281,49,371,0,170,499,1057,210,7595
305,1999-01-25,0.977,5144,42,514,145,69,202,943,96,6855
306,1999-02-01,0.971,4590,43,617,20,339,552,1016,97,9333
307,1999-02-08,0.968,5601,43,530,0,172,391,1204,283,8506
308,1999-02-15,0.96,5170,0,476,161,228,471,1132,211,7404
309,1999-02-22,0.949,4403,0,444,237,276,395,1018,97,8744
310,1999-03-01,0.955,5314,71,552,131,93,566,983,98,6961
311,1999-03-08,0.963,5246,0,126,44,200,509,1169,284,8398
312,1999-03-15,1.017,5333,127,155,0,216,543,1097,212,8219
313,1999-03-22,1.056,4091,0,795,45,253,598,1283,398,9227
314,1999-03-29,1.121,4671,73,226,87,314,765,979,99,7686
315,1999-04-05,1.158,5692,85,255,28,136,263,1083,235,9195
316,1999-04-12,1.179,5309,0,498,121,267,434,947,99,8174
317,1999-04-19,1.175,5038,72,498,42,229,473,943,99,7968
318,1999-04-26,1.171,5036,72,440,122,281,752,928,98,8657
319,1999-05-03,1.176,5089,120,419,87,348,588,984,98,8832
320,1999-05-10,1.18,6338,0,839,195,316,685,984,98,8733
321,1999-05-17,1.18,5891,120,537,83,351,711,983,98,8153
322,1999-05-24,1.166,4468,70,663,128,382,668,992,99,8475
323,1999-05-31,1.151,5029,71,478,47,220,569,952,99,9275
324,1999-06-07,1.152,5308,70,531,114,292,610,952,99,9102
325,1999-06-14,1.148,6156,0,641,60,587,1081,952,99,9509
326,1999-06-21,1.163,4884,71,386,77,297,838,951,99,8902
327,1999-06-28,1.153,4615,0,278,73,425,1537,946,102,8981
328,1999-07-05,1.165,5611,49,319,433,288,533,946,102,8765
329,1999-07-12,1.182,4899,56,308,48,276,1180,946,102,8751
330,1999-07-19,1.208,5316,122,222,121,390,1132,946,102,9498
331,1999-07-26,1.232,5985,61,546,90,182,773,940,102,9318
332,1999-08-02,1.234,5606,0,447,198,474,848,881,102,9930
333,1999-08-09,1.246,5397,48,567,329,404,687,881,102,10570
334,1999-08-16,1.275,5226,167,647,426,403,707,881,102,8253
335,1999-08-23,1.273,4528,49,392,226,546,749,881,102,8941
336,1999-08-30,1.273,4738,49,592,189,340,572,881,102,10071
337,1999-09-06,1.282,6402,73,490,101,312,570,881,102,8132
338,1999-09-13,1.29,4728,48,570,221,141,865,881,102,9612
339,1999-09-20,1.307,5321,145,369,163,355,384,881,102,9125
340,1999-09-27,1.302,5134,0,595,108,585,828,890,102,8782
341,1999-10-04,1.296,4664,0,309,319,593,757,884,102,9248
342,1999-10-11,1.29,5772,92,479,119,382,448,884,102,9802
343,1999-10-18,1.277,6101,69,329,166,404,740,884,102,9321
344,1999-10-25,1.277,5347,0,337,168,296,367,884,102,8861
345,1999-11-01,1.271,5836,103,676,216,343,943,986,101,8203
346,1999-11-08,1.274,6086,83,314,236,278,423,986,101,10049
347,1999-11-15,1.292,5832,129,573,171,259,323,986,101,9336
348,1999-11-22,1.309,5528,0,460,95,292,697,969,102,9813
349,1999-11-29,1.315,5370,73,334,127,229,607,967,102,10449
350,1999-12-06,1.313,6437,140,327,198,250,478,967,102,9022
351,1999-12-13,1.315,6104,73,425,153,166,467,967,102,8737
352,1999-12-20,1.31,6180,0,571,71,209,569,967,102,8310
353,1999-12-27,1.314,5646,0,300,193,268,203,975,101,8962
354,2000-01-03,1.312,5465,116,491,101,196,751,964,101,8087
355,2000-01-10,1.304,6301,49,588,123,340,433,964,101,9963
356,2000-01-17,1.318,6909,114,602,178,164,452,964,101,8206
357,2000-01-24,1.354,6697,49,362,372,461,674,964,101,8851
358,2000-01-31,1.355,6660,120,347,173,414,478,980,102,9044
359,2000-02-07,1.364,5302,49,538,158,329,348,980,102,7450
360,2000-02-14,1.394,6697,0,464,101,282,434,980,102,8936
361,2000-02-21,1.443,7259,0,481,93,245,454,980,102,7725
362,2000-02-28,1.458,6381,49,575,224,211,540,980,102,7769
363,2000-03-06,1.539,6784,92,166,55,130,461,904,103,9306
364,2000-03-13,1.566,6491,80,387,173,263,533,904,103,9762
365,2000-03-20,1.569,6336,49,503,191,177,311,904,103,8956
366,2000-03-27,1.549,5826,46,408,85,205,525,904,103,8503
367,2000-04-03,1.543,6709,77,440,58,136,385,952,102,9012
368,2000-04-10,1.516,5946,0,374,82,326,255,952,102,8932
369,2000-04-17,1.486,6466,43,302,109,386,394,952,102,7615
370,2000-04-24,1.478,5557,50,529,70,262,592,952,102,7554
371,2000-05-01,1.461,6779,0,375,37,228,582,952,102,8751
372,2000-05-08,1.495,6420,72,540,91,213,377,952,102,8718
373,2000-05-15,1.531,6155,55,440,35,394,239,952,102,8816
374,2000-05-22,1.566,6191,49,537,77,216,768,952,102,9941
375,2000-05-29,1.579,5942,70,180,44,197,462,955,104,9283
376,2000-06-05,1.599,6053,0,387,215,312,345,956,104,9137
377,2000-06-12,1.664,6137,52,544,74,142,474,956,104,11261
378,2000-06-19,1.711,5894,0,562,231,281,617,956,104,8686
379,2000-06-26,1.691,6423,0,204,82,313,341,940,104,9106
380,2000-07-03,1.661,5763,0,335,137,426,346,937,104,9704
381,2000-07-10,1.63,5654,0,352,108,385,508,937,104,9600
382,2000-07-17,1.586,6591,53,621,107,341,481,937,104,8708
383,2000-07-24,1.562,6463,0,429,129,518,764,937,104,9733
384,2000-07-31,1.514,6144,0,400,133,500,355,936,104,11130
385,2000-08-07,1.504,6708,53,738,115,616,928,936,104,9810
386,2000-08-14,1.489,5488,47,329,151,409,806,936,104,9076
387,2000-08-21,1.508,5479,0,335,11,266,489,936,104,11127
388,2000-08-28,1.521,5968,0,470,190,368,558,963,105,8545
389,2000-09-04,1.568,6107,0,147,53,240,268,963,105,9818
390,2000-09-11,1.598,6235,70,430,72,373,239,960,105,10151
391,2000-09-18,1.599,6129,0,318,77,290,451,960,105,9884
392,2000-09-25,1.586,6315,0,269,121,242,369,955,106,10139
393,2000-10-02,1.563,6021,0,282,170,396,301,966,106,9724
394,2000-10-09,1.541,6247,123,361,103,159,512,965,106,11226
395,2000-10-16,1.578,6056,0,212,122,163,390,965,106,9699
396,2000-10-23,1.588,5715,0,330,104,369,540,966,106,10268
397,2000-10-30,1.584,6649,83,435,76,307,473,982,104,9072
398,2000-11-06,1.565,6177,109,498,142,271,306,982,104,9473
399,2000-11-13,1.562,6136,127,604,86,229,496,982,104,8423
400,2000-11-20,1.55,5925,125,355,134,121,211,982,104,9918
401,2000-11-27,1.549,6704,143,662,70,218,782,1010,105,9159
402,2000-12-04,1.526,6407,0,543,156,259,479,1010,105,9694
403,2000-12-11,1.49,6181,0,485,83,197,670,1010,105,8934
404,2000-12-18,1.462,7484,0,403,87,306,569,1010,105,8972
405,2000-12-25,1.453,7594,0,530,107,203,484,1010,105,9353
406,2001-01-01,1.446,5862,0,328,123,339,375,985,105,9470
407,2001-01-08,1.465,6309,0,447,87,243,484,985,105,8833
408,2001-01-15,1.513,7067,0,451,27,295,316,985,105,10049
409,2001-01-22,1.511,7341,0,427,95,280,648,985,105,8683
410,2001-01-29,1.5,7312,0,357,70,106,858,1022,104,9867
411,2001-02-05,1.483,6705,0,455,102,313,426,1022,104,10029
412,2001-02-12,1.515,5828,0,488,147,208,439,1022,104,9917
413,2001-02-19,1.489,7143,75,508,61,323,478,1022,104,9677
414,2001-02-26,1.471,6565,213,264,27,248,800,1022,104,8412
415,2001-03-05,1.457,6896,133,282,60,288,468,987,104,8838
416,2001-03-12,1.453,6838,0,219,42,233,398,987,104,9776
417,2001-03-19,1.444,5809,0,313,36,329,407,987,104,9300
418,2001-03-26,1.445,6214,0,395,44,184,331,987,104,9202
419,2001-04-02,1.482,5254,0,451,111,264,154,929,104,9459
420,2001-04-09,1.54,5161,0,254,32,139,213,929,104,9550
421,2001-04-16,1.61,5170,0,172,29,83,394,929,104,9520
422,2001-04-23,1.658,4855,0,180,16,258,313,929,104,9972
423,2001-04-30,1.665,5129,0,344,31,279,437,953,104,9699
424,2001-05-07,1.739,4917,0,165,47,265,308,953,104,9727
425,2001-05-14,1.748,4419,0,396,44,223,258,953,104,8414
426,2001-05-21,1.724,5637,0,258,23,178,515,953,104,9947
427,2001-05-28,1.739,5610,0,314,93,225,268,953,104,9497
428,2001-06-04,1.715,4532,0,479,40,246,318,986,104,9574
429,2001-06-11,1.688,5007,0,354,83,200,412,986,104,9801
430,2001-06-18,1.644,5236,0,339,111,75,475,986,104,9607
431,2001-06-25,1.583,5445,0,185,35,394,223,986,104,9145
432,2001-07-02,1.52,4468,0,327,56,268,529,986,104,9758
433,2001-07-09,1.484,5536,0,169,36,203,302,954,104,9967
434,2001-07-16,1.459,4866,0,522,59,185,461,954,104,9637
435,2001-07-23,1.44,5053,0,264,40,147,380,954,104,10460
436,2001-07-30,1.428,5122,0,257,22,192,299,959,105,8968
437,2001-08-06,1.419,6212,0,184,57,67,440,959,105,9453
438,2001-08-13,1.434,5542,0,133,32,195,332,959,105,10321
439,2001-08-20,1.467,5527,0,211,32,14,278,959,105,9382
440,2001-08-27,1.523,4934,0,100,37,141,347,965,109,10254
441,2001-09-03,1.579,4983,0,146,13,125,278,965,109,9110
442,2001-09-10,1.562,5430,0,251,41,212,286,965,109,9954
443,2001-09-17,1.564,4912,0,106,57,221,360,965,109,10582
444,2001-09-24,1.522,5388,0,272,48,256,263,965,109,10399
445,2001-10-01,1.455,5279,0,410,52,227,200,984,108,9412
446,2001-10-08,1.393,5454,0,416,54,271,498,984,108,9448
447,2001-10-15,1.351,6290,0,236,50,150,299,984,108,9854
448,2001-10-22,1.307,4663,0,448,40,262,387,984,108,10235
449,2001-10-29,1.277,5418,0,417,64,168,270,984,108,9178
450,2001-11-05,1.249,5294,0,566,63,192,170,965,109,9035
451,2001-11-12,1.224,6471,0,464,89,274,343,965,109,9854
452,2001-11-19,1.208,5895,0,265,17,59,377,965,109,9549
453,2001-11-26,1.168,6177,0,513,73,106,452,965,109,9895
454,2001-12-03,1.149,6633,0,474,74,131,489,940,109,8985
455,2001-12-10,1.136,6958,0,285,119,143,364,940,109,10141
456,2001-12-17,1.101,6093,0,642,24,259,347,940,109,9068
457,2001-12-24,1.113,5937,0,395,56,171,472,940,109,9802
458,2001-12-31,1.137,7128,0,308,41,180,635,940,109,8973
459,2002-01-07,1.152,4904,0,319,59,95,304,926,110,9371
460,2002-01-14,1.152,5984,0,127,92,127,362,926,110,8851
461,2002-01-21,1.146,6589,0,295,42,132,472,926,110,8486
462,2002-01-28,1.142,5773,0,103,35,96,318,970,110,9333
463,2002-02-04,1.157,5780,0,220,81,245,177,970,110,8226
464,2002-02-11,1.148,6690,0,246,114,83,367,970,110,8726
465,2002-02-18,1.157,7270,0,246,129,106,541,970,110,9111
466,2002-02-25,1.157,6431,0,515,60,165,553,970,110,9060
467,2002-03-04,1.185,6143,0,322,25,120,398,962,108,9344
468,2002-03-11,1.262,6513,0,308,104,201,429,962,108,8267
469,2002-03-18,1.328,5818,0,325,68,224,226,962,108,9596
470,2002-03-25,1.382,6676,0,369,73,515,698,962,108,8495
471,2002-04-01,1.412,6521,0,191,35,122,226,962,108,9317
472,2002-04-08,1.454,4814,0,239,105,218,512,953,108,9289
473,2002-04-15,1.446,5587,0,324,36,166,412,953,108,9758
474,2002-04-22,1.446,5849,0,211,64,145,451,953,108,9267
475,2002-04-29,1.435,5785,0,102,46,147,250,953,108,9711
476,2002-05-06,1.437,5025,0,189,82,245,401,1003,108,9157
477,2002-05-13,1.431,5877,0,336,66,270,372,1003,108,9752
478,2002-05-20,1.439,5983,0,356,101,232,506,1003,108,9147
479,2002-05-27,1.429,5927,0,267,85,245,458,1003,108,10110
480,2002-06-03,1.433,4403,0,316,88,168,476,982,109,9817
481,2002-06-10,1.417,6738,0,239,28,154,605,982,109,10024
482,2002-06-17,1.419,6094,0,408,101,348,366,982,109,10533
483,2002-06-24,1.425,5403,0,218,131,223,698,982,109,10135
484,2002-07-01,1.433,5614,0,226,60,332,558,969,108,10361
485,2002-07-08,1.423,4437,0,266,83,332,383,969,108,9548
486,2002-07-15,1.435,6778,0,63,49,178,266,969,108,10964
487,2002-07-22,1.451,5962,0,228,64,277,327,969,108,9748
488,2002-07-29,1.447,5252,0,223,39,199,364,995,110,10053
489,2002-08-05,1.437,5819,0,294,68,316,287,995,110,9897
490,2002-08-12,1.435,4308,0,219,14,156,477,995,110,10288
491,2002-08-19,1.434,6287,0,227,75,149,454,995,110,10782
492,2002-08-26,1.444,4278,0,287,25,216,347,1005,109,9871
493,2002-09-02,1.436,6240,0,307,103,326,629,1001,109,10598
494,2002-09-09,1.437,5149,0,274,61,137,378,1001,109,10067
495,2002-09-16,1.442,5429,0,254,48,211,290,1001,109,10765
496,2002-09-23,1.436,5625,0,57,42,136,381,1001,109,9882
497,2002-09-30,1.455,5155,0,472,60,356,244,1003,108,10676
498,2002-10-07,1.48,5512,0,318,50,157,231,1003,108,10579
499,2002-10-14,1.481,6782,0,461,51,267,330,1003,108,10236
500,2002-10-21,1.499,5999,0,469,72,214,411,1003,108,10040
501,2002-10-28,1.485,5597,0,419,54,147,240,1003,107,10580
502,2002-11-04,1.489,5546,0,686,144,225,201,1008,107,10523
503,2002-11-11,1.48,6114,0,442,54,185,178,1008,107,9815
504,2002-11-18,1.451,5635,0,311,56,148,515,1008,107,10787
505,2002-11-25,1.423,7003,0,278,75,165,320,1008,107,10158
506,2002-12-02,1.408,5685,0,389,127,139,178,1004,105,10190
507,2002-12-09,1.404,5936,0,539,66,275,513,1004,105,9955
508,2002-12-16,1.407,6238,0,402,58,209,94,1004,105,11094
509,2002-12-23,1.443,6183,0,496,71,146,341,1004,105,10214
510,2002-12-30,1.484,5238,144,419,78,132,139,978,105,10929
511,2003-01-06,1.487,5559,0,420,92,177,396,978,105,9997
512,2003-01-13,1.496,7504,0,561,28,153,219,978,105,9614
513,2003-01-20,1.502,6560,0,245,80,249,255,978,105,9020
514,2003-01-27,1.515,6708,0,353,73,122,155,987,104,9993
515,2003-02-03,1.569,6505,0,445,150,249,207,989,104,9923
516,2003-02-10,1.649,6002,0,254,75,310,188,989,104,11416
517,2003-02-17,1.701,7644,0,269,72,145,386,989,104,9291
518,2003-02-24,1.699,6227,36,186,101,351,403,989,104,10453
519,2003-03-03,1.726,6103,45,420,65,247,271,1018,103,11944
520,2003-03-10,1.752,5700,0,377,107,194,307,1018,103,10327
521,2003-03-17,1.768,6337,0,636,71,305,265,1018,103,9347
522,2003-03-24,1.732,6639,0,455,55,216,230,1018,103,10841
523,2003-03-31,1.692,5972,0,561,49,239,350,1000,101,11277
524,2003-04-07,1.673,5954,71,576,108,229,209,1000,101,10558
525,2003-04-14,1.639,6443,0,289,49,164,364,1000,101,9204
526,2003-04-21,1.618,7944,217,450,138,414,265,1000,101,10808
527,2003-04-28,1.6,5929,0,164,33,306,525,1000,101,10754
528,2003-05-05,1.556,6835,0,113,48,289,377,1004,99,11850
529,2003-05-12,1.534,6327,0,425,88,317,493,1004,99,10249
530,2003-05-19,1.539,5633,0,130,64,160,339,1004,99,11141
531,2003-05-26,1.528,6593,0,257,87,173,324,1005,98,10365
532,2003-06-02,1.514,6141,0,244,69,312,387,994,98,10485
533,2003-06-09,1.53,6242,0,363,80,203,380,994,98,10913
534,2003-06-16,1.558,6681,0,241,100,161,525,994,98,10586
535,2003-06-23,1.537,6411,0,292,89,232,351,993,97,11915
536,2003-06-30,1.528,5277,0,129,90,288,434,978,97,11338
537,2003-07-07,1.53,5650,0,314,44,189,625,978,97,10226
538,2003-07-14,1.563,7060,0,157,94,129,625,977,97,11699
539,2003-07-21,1.566,6171,0,215,134,177,342,977,97,10349
540,2003-07-28,1.558,6216,0,294,47,288,571,976,96,10855
541,2003-08-04,1.576,6782,0,216,59,195,237,977,96,9787
542,2003-08-11,1.611,6419,0,192,80,242,332,977,96,10021
543,2003-08-18,1.668,6294,0,347,74,219,366,977,96,10442
544,2003-08-25,1.787,5511,0,426,106,164,223,977,96,10848
545,2003-09-01,1.786,6801,0,134,69,216,360,974,94,9883
546,2003-09-08,1.758,5636,0,296,85,173,187,974,94,11120
547,2003-09-15,1.739,7382,0,71,83,203,248,974,94,11019
548,2003-09-22,1.686,5474,75,217,90,261,324,974,94,10311
549,2003-09-29,1.635,6996,68,328,75,374,467,1042,95,10092
550,2003-10-06,1.617,5512,0,273,121,265,456,1042,95,9236
551,2003-10-13,1.611,7243,126,328,53,260,223,1042,95,9930
552,2003-10-20,1.612,6406,0,343,100,280,235,1042,95,10426
553,2003-10-27,1.584,6662,142,396,71,175,320,1041,93,9461
554,2003-11-03,1.577,7518,213,209,90,120,516,1034,93,10227
555,2003-11-10,1.547,6495,0,253,60,175,376,1034,93,9545
556,2003-11-17,1.54,6974,0,560,64,192,309,1034,93,10019
557,2003-11-24,1.554,6618,0,324,73,135,262,1034,93,10828
558,2003-12-01,1.533,6651,0,300,36,172,249,1039,91,10705
559,2003-12-08,1.519,5807,0,409,52,97,387,1039,91,10078
560,2003-12-15,1.509,7341,0,278,69,192,273,1039,91,10456
561,2003-12-22,1.528,7764,0,346,92,203,368,1039,91,10413
562,2003-12-29,1.521,6658,0,290,43,266,385,977,30,10724
563,2004-01-05,1.552,6121,0,379,60,227,222,977,30,10772
564,2004-01-12,1.603,6629,0,301,29,119,287,977,30,10243
565,2004-01-19,1.637,8226,0,215,114,96,254,977,30,9576
566,2004-01-26,1.664,5510,0,343,116,185,224,934,35,11170
567,2004-02-02,1.66,6369,0,93,40,59,336,930,35,9885
568,2004-02-09,1.681,6784,0,356,69,201,814,930,35,10189
569,2004-02-16,1.69,6277,0,204,61,215,388,930,35,9826
570,2004-02-23,1.73,5974,0,243,163,109,320,930,35,9360
571,2004-03-01,1.758,7698,0,580,70,142,287,895,34,10100
572,2004-03-08,1.78,6429,0,338,49,121,285,895,34,9650
573,2004-03-15,1.767,6186,0,169,27,192,369,895,34,10136
574,2004-03-22,1.785,6324,145,262,45,129,373,895,34,9933
575,2004-03-29,1.8,6429,0,259,62,167,401,952,33,9847
576,2004-04-05,1.822,6264,0,343,57,141,494,929,33,10276
577,2004-04-12,1.827,6763,0,92,76,180,270,929,33,9604
578,2004-04-19,1.853,7513,0,267,31,123,388,929,33,9114
579,2004-04-26,1.853,6639,0,290,40,138,330,929,33,9504
580,2004-05-03,1.884,7180,0,504,178,397,249,929,33,9249
581,2004-05-10,1.979,5648,0,269,66,297,526,929,33,9469
582,2004-05-17,2.055,7942,0,227,71,161,236,929,33,9132
583,2004-05-24,2.104,6624,0,294,87,178,339,929,33,10600
584,2004-05-31,2.092,5620,0,197,74,182,155,971,33,10522
585,2004-06-07,2.075,7748,0,255,86,213,456,971,33,9529
586,2004-06-14,2.029,7249,0,368,108,171,429,971,33,10467
587,2004-06-21,1.981,6635,0,416,53,110,440,971,33,10768
588,2004-06-28,1.965,5727,0,308,46,107,345,963,32,10905
589,2004-07-05,1.939,6758,0,81,28,87,180,963,32,10047
590,2004-07-12,1.959,6598,0,154,102,132,425,963,32,11178
591,2004-07-19,1.971,6037,0,177,31,153,389,963,32,10475
592,2004-07-26,1.948,5618,0,162,136,78,261,952,30,10103
593,2004-08-02,1.93,5877,0,208,61,226,305,964,30,9904
594,2004-08-09,1.92,7067,0,326,93,223,545,964,30,10234
595,2004-08-16,1.917,5978,0,225,62,359,764,964,30,10836
596,2004-08-23,1.926,6429,0,142,86,349,508,964,30,11058
597,2004-08-30,1.909,5954,0,522,121,289,306,964,30,9195
598,2004-09-06,1.893,6095,0,300,83,333,349,989,30,10323
599,2004-09-13,1.889,5696,0,585,49,456,470,989,30,10327
600,2004-09-20,1.908,7316,282,225,145,325,429,989,30,10351
601,2004-09-27,1.959,5646,0,448,60,206,358,984,30,10109
602,2004-10-04,1.98,6731,0,358,99,264,505,984,30,10132
603,2004-10-11,2.035,6726,155,288,116,278,208,984,30,10528
604,2004-10-18,2.077,6363,132,468,174,184,177,984,30,10730
605,2004-10-25,2.074,7763,0,390,100,277,197,937,29,10412
606,2004-11-01,2.076,7303,0,371,65,171,239,931,29,9980
607,2004-11-08,2.045,7657,0,474,59,185,230,931,29,9733
608,2004-11-15,2.014,7347,0,429,59,189,278,931,29,10036
609,2004-11-22,1.992,6627,0,442,112,133,418,931,29,9791
610,2004-11-29,1.989,6674,0,470,67,178,391,958,30,9912
611,2004-12-06,1.956,7382,0,329,83,193,95,958,30,10357
612,2004-12-13,1.893,7134,0,432,126,170,371,958,30,10951
613,2004-12-20,1.861,8890,0,224,107,206,328,938,10,10504
614,2004-12-27,1.838,8027,0,535,123,152,141,987,10,10853
615,2005-01-03,1.824,7124,0,328,98,110,154,969,10,10496
616,2005-01-10,1.837,7807,71,445,46,157,251,969,10,11019
617,2005-01-17,1.863,8550,0,235,45,107,150,969,10,10862
618,2005-01-24,1.896,7183,0,524,71,121,264,969,10,11207
619,2005-01-31,1.953,8155,0,424,87,111,291,1023,10,11265
620,2005-02-07,1.952,6427,0,629,145,193,226,1023,10,10799
621,2005-02-14,1.941,8256,0,308,87,114,268,1023,10,10531
622,2005-02-21,1.948,7549,0,522,72,233,241,1023,10,8824
623,2005-02-28,1.969,6987,0,641,48,117,202,956,10,9613
624,2005-03-07,2.04,8544,0,439,117,226,481,956,10,10141
625,2005-03-14,2.098,7124,0,401,47,128,188,956,10,9885
626,2005-03-21,2.149,8414,0,312,138,210,93,956,10,10255
627,2005-03-28,2.194,6745,0,304,49,156,244,886,10,9564
628,2005-04-04,2.258,8059,0,315,164,175,165,903,10,8874
629,2005-04-11,2.321,7208,0,451,55,89,217,903,10,10136
630,2005-04-18,2.28,6961,0,280,59,65,238,903,10,9699
631,2005-04-25,2.279,7018,0,321,62,201,80,903,10,10647
632,2005-05-02,2.277,6893,0,160,55,106,175,983,10,8857
633,2005-05-09,2.231,6564,0,331,192,200,209,981,10,10632
634,2005-05-16,2.206,7601,0,220,45,137,265,981,10,12083
635,2005-05-23,2.169,7398,0,588,80,145,324,981,10,11738
636,2005-05-30,2.141,7161,0,170,96,273,205,973,10,10484
637,2005-06-06,2.159,6224,0,176,73,130,374,973,10,10846
638,2005-06-13,2.173,7030,0,368,144,190,158,973,10,11947
639,2005-06-20,2.204,7222,0,248,44,109,146,973,10,11165
640,2005-06-27,2.257,6566,0,285,172,247,170,960,10,11618
641,2005-07-04,2.268,7334,0,284,67,166,154,960,10,10485
642,2005-07-11,2.369,7136,0,110,85,274,173,960,10,11954
643,2005-07-18,2.36,6442,0,274,89,201,479,960,10,11719
644,2005-07-25,2.333,6521,0,178,45,270,106,968,10,12111
645,2005-08-01,2.335,6465,0,186,67,355,122,976,10,11680
646,2005-08-08,2.41,5795,0,109,53,223,108,976,10,12211
647,2005-08-15,2.592,7901,0,291,188,310,275,976,10,11199
648,2005-08-22,2.654,6489,0,236,95,217,170,972,10,11287
649,2005-08-29,2.653,5781,0,284,185,223,335,962,10,11288
650,2005-09-05,3.117,6104,0,182,44,168,225,962,10,11470
651,2005-09-12,3.002,8029,0,445,130,204,201,962,10,11008
652,2005-09-19,2.835,6696,0,346,116,310,73,962,10,11953
653,2005-09-26,2.851,6088,0,347,116,195,228,981,10,12041
654,2005-10-03,2.975,8135,0,331,63,102,229,971,10,11272
655,2005-10-10,2.896,6723,0,249,77,203,248,971,10,11808
656,2005-10-17,2.775,6191,0,173,35,85,15,971,10,11695
657,2005-10-24,2.652,8199,0,354,111,116,134,996,22,12230
658,2005-10-31,2.528,8139,0,335,33,105,86,974,22,11063
659,2005-11-07,2.424,5800,0,264,57,160,137,962,10,12372
660,2005-11-14,2.342,7709,0,435,169,75,97,962,10,12026
661,2005-11-21,2.247,7597,0,612,69,120,131,952,10,11171
662,2005-11-28,2.2,6871,0,340,87,99,324,976,10,11498
663,2005-12-05,2.191,7419,0,313,59,197,125,976,10,11395
664,2005-12-12,2.228,7037,0,330,32,18,279,976,10,10582
665,2005-12-19,2.255,9337,0,485,170,237,63,976,10,11329
666,2005-12-26,2.241,6503,0,508,25,142,221,948,10,11684
667,2006-01-02,2.281,7948,0,313,69,223,130,931,10,11383
668,2006-01-09,2.371,6455,0,327,45,198,122,909,10,11482
669,2006-01-16,2.366,7884,0,314,122,298,154,899,10,10656
670,2006-01-23,2.382,6733,0,419,85,181,115,874,10,11158
671,2006-01-30,2.402,7390,0,477,182,243,174,988,10,10486
672,2006-02-06,2.388,7439,0,293,70,259,148,988,10,10210
673,2006-02-13,2.331,8483,0,168,78,86,75,988,10,10768
674,2006-02-20,2.286,7781,0,374,77,171,76,988,10,10911
675,2006-02-27,2.298,7402,0,200,147,223,390,988,10,11090
676,2006-03-06,2.373,6522,0,415,154,63,91,994,10,10640
677,2006-03-13,2.408,8563,0,349,69,227,380,994,10,11610
678,2006-03-20,2.548,8227,0,162,42,63,39,994,10,10240
679,2006-03-27,2.542,7195,0,331,244,109,70,974,10,12214
680,2006-04-03,2.631,7546,0,273,141,203,300,932,10,9711
681,2006-04-10,2.727,6129,0,408,89,81,261,932,10,12187
682,2006-04-17,2.828,7416,0,377,95,214,310,932,10,11691
683,2006-04-24,2.96,7568,0,304,78,205,57,932,10,11643
684,2006-05-01,2.966,6986,0,319,181,85,96,984,10,12089
685,2006-05-08,2.955,6530,0,146,185,220,140,984,10,11502
686,2006-05-15,2.992,7695,0,324,212,155,160,984,10,11789
687,2006-05-22,2.938,8060,0,480,201,296,97,984,10,11954
688,2006-05-29,2.913,7560,0,204,176,275,138,984,10,11826
689,2006-06-05,2.937,7182,0,263,28,119,253,967,10,11145
690,2006-06-12,2.951,8066,0,357,182,298,303,967,10,11974
691,2006-06-19,2.917,6990,0,225,54,220,226,967,10,12193
692,2006-06-26,2.914,6192,0,364,100,239,200,967,10,11170
693,2006-07-03,2.979,6963,0,292,71,229,195,975,17,11704
694,2006-07-10,3.017,6926,0,285,87,172,157,964,17,12022
695,2006-07-17,3.033,7504,0,462,50,262,565,957,10,12047
696,2006-07-24,3.048,7240,0,575,75,198,166,957,10,12757
697,2006-07-31,3.05,6937,0,310,30,281,410,946,10,12199
698,2006-08-07,3.083,7002,0,631,112,266,161,946,10,11697
699,2006-08-14,3.047,6427,0,459,73,291,512,946,10,11797
700,2006-08-21,2.971,7504,0,448,97,191,195,959,10,12573
701,2006-08-28,2.893,5543,0,248,142,426,22,936,10,11897
702,2006-09-04,2.777,6235,0,483,70,361,347,936,10,11663
703,2006-09-11,2.67,6986,0,364,78,266,297,936,10,11350
704,2006-09-18,2.549,6923,0,561,103,339,173,936,10,13428
705,2006-09-25,2.429,6598,0,331,73,229,221,983,10,12245
706,2006-10-02,2.36,7396,0,298,87,342,245,994,16,11529
707,2006-10-09,2.31,7360,0,365,106,175,228,994,16,12050
708,2006-10-16,2.274,7535,0,603,95,229,174,991,10,12485
709,2006-10-23,2.255,7231,0,506,127,186,162,991,10,12150
710,2006-10-30,2.264,7852,0,603,106,215,199,991,10,12499
711,2006-11-06,2.246,7223,0,270,53,190,265,991,10,11454
712,2006-11-13,2.278,8578,0,530,71,276,464,993,10,10182
713,2006-11-20,2.285,7564,0,465,142,111,94,969,10,12262
714,2006-11-27,2.292,6865,0,612,141,231,144,969,10,12313
715,2006-12-04,2.342,8116,0,255,92,122,307,1045,17,12077
716,2006-12-11,2.34,7524,0,441,103,170,57,1045,17,12101
717,2006-12-18,2.366,8676,0,504,129,106,82,1038,17,12141
718,2006-12-25,2.387,7587,0,585,119,247,77,1038,17,12369
719,2007-01-01,2.382,8366,0,464,97,199,297,1004,16,12394
720,2007-01-08,2.354,7860,0,382,49,174,175,1004,16,12296
721,2007-01-15,2.28,7601,0,370,67,193,222,965,10,11979
722,2007-01-22,2.216,7870,0,397,136,209,117,965,10,12009
723,2007-01-29,2.213,7683,0,295,53,88,419,924,10,13094
724,2007-02-05,2.237,8143,0,567,168,283,310,977,10,11930
725,2007-02-12,2.287,8044,0,268,72,176,167,983,10,12103
726,2007-02-19,2.341,9060,0,321,157,80,205,983,10,11478
727,2007-02-26,2.428,7969,0,544,64,171,109,983,10,11664
728,2007-03-05,2.551,7304,0,631,131,227,294,983,10,11161
729,2007-03-12,2.605,7563,0,385,133,212,237,983,10,11769
730,2007-03-19,2.623,7801,0,259,165,148,1,983,10,12422
731,2007-03-26,2.655,7483,0,582,165,108,278,983,10,11953
732,2007-04-02,2.753,6280,0,685,109,234,288,989,10,12070
733,2007-04-09,2.848,8177,0,526,186,184,150,989,10,12297
734,2007-04-16,2.922,7654,0,382,111,79,202,1085,10,11801
735,2007-04-23,2.917,8736,0,390,133,261,204,1035,10,12335
736,2007-04-30,3.017,8468,0,490,44,248,128,1019,17,12018
737,2007-05-07,3.097,6881,0,632,174,264,273,1012,10,11874
738,2007-05-14,3.143,8481,0,278,87,183,408,1012,10,12400
739,2007-05-21,3.258,6952,0,481,77,171,265,996,10,12520
740,2007-05-28,3.25,7150,0,270,38,152,95,996,10,11369
741,2007-06-04,3.2,6143,0,309,97,206,298,941,10,11845
742,2007-06-11,3.122,8491,0,466,145,257,266,941,10,11693
743,2007-06-18,3.057,7848,0,434,70,235,247,966,10,12849
744,2007-06-25,3.029,7150,0,353,110,187,234,1019,10,12312
745,2007-07-02,3.005,7730,0,367,91,123,254,1012,17,12328
746,2007-07-09,3.026,6021,0,588,97,370,275,1048,20,12843
747,2007-07-16,3.092,7396,0,401,116,237,90,1098,20,12535
748,2007-07-23,3.005,7417,0,438,127,198,238,1139,20,12548
749,2007-07-30,2.926,8144,0,468,74,299,212,1157,17,11812
750,2007-08-06,2.888,7113,0,376,86,353,193,1157,17,12552
751,2007-08-13,2.821,8316,0,545,101,153,259,1157,17,11977
752,2007-08-20,2.832,6905,0,455,171,196,130,1157,17,12677
753,2007-08-27,2.796,7403,0,418,81,252,144,1138,19,12676
754,2007-09-03,2.84,7331,0,634,155,306,188,1095,19,11898
755,2007-09-10,2.862,7742,0,693,128,249,406,1095,19,12832
756,2007-09-17,2.835,7753,0,736,89,234,230,1095,19,11823
757,2007-09-24,2.86,7135,0,668,167,240,187,1130,19,13053
758,2007-10-01,2.838,7870,0,430,34,258,127,1123,19,13362
759,2007-10-08,2.821,8006,0,884,133,180,159,1190,19,12143
760,2007-10-15,2.813,7782,0,468,61,294,233,1210,19,12830
761,2007-10-22,2.873,8418,0,480,27,217,445,1155,19,12969
762,2007-10-29,2.921,7853,0,521,128,272,280,1155,19,11280
763,2007-11-05,3.06,8203,0,705,94,372,134,1099,19,11502
764,2007-11-12,3.158,7796,0,657,66,125,139,1099,19,12605
765,2007-11-19,3.148,7505,0,705,63,199,258,1099,19,12195
766,2007-11-26,3.147,8187,0,705,157,291,220,942,19,11723
767,2007-12-03,3.113,8267,0,564,97,185,167,934,20,12099
768,2007-12-10,3.053,8899,0,482,68,137,201,844,20,13331
769,2007-12-17,3.05,9567,0,761,111,127,142,844,20,13419
770,2007-12-24,3.032,7213,0,708,47,210,238,844,20,13243
771,2007-12-31,3.104,8097,0,356,176,251,194,847,20,14370
772,2008-01-07,3.159,8577,0,657,158,249,158,848,20,12920
773,2008-01-14,3.119,7684,0,346,40,136,48,848,20,12950
774,2008-01-21,3.07,8375,0,492,105,304,228,848,20,12617
775,2008-01-28,3.03,8269,0,465,55,126,272,907,20,12977
776,2008-02-04,3.03,7620,0,555,56,223,247,893,20,13755
777,2008-02-11,3.011,8882,0,368,106,55,178,893,20,12651
778,2008-02-18,3.092,8828,0,633,78,311,109,893,20,12770
779,2008-02-25,3.18,8367,0,333,103,198,384,874,20,12292
780,2008-03-03,3.212,8101,0,535,91,295,120,889,20,12865
781,2008-03-10,3.273,7705,0,375,77,192,147,889,20,13189
782,2008-03-17,3.332,9311,0,552,99,189,103,889,20,12172
783,2008-03-24,3.31,8564,0,479,102,196,72,944,21,11970
784,2008-03-31,3.339,8687,0,420,164,262,303,944,21,12420
785,2008-04-07,3.381,9625,0,604,58,114,177,944,21,13396
786,2008-04-14,3.438,8221,0,230,134,305,160,944,21,12855
787,2008-04-21,3.557,8017,0,458,125,250,152,944,21,12324
788,2008-04-28,3.653,7633,0,443,71,103,155,1038,21,12083
789,2008-05-05,3.663,7994,0,569,79,236,158,1038,21,12223
790,2008-05-12,3.771,7529,0,354,50,226,123,1038,21,11594
791,2008-05-19,3.84,9475,0,206,56,90,181,1038,21,12091
792,2008-05-26,3.986,7608,0,355,86,200,204,1082,22,11654
793,2008-06-02,4.026,8391,0,502,13,130,80,1093,22,11634
794,2008-06-09,4.09,8007,0,290,75,187,309,1093,22,11408
795,2008-06-16,4.134,7140,0,380,51,259,59,1093,22,12713
796,2008-06-23,4.131,8175,0,383,79,152,221,1043,22,11694
797,2008-06-30,4.146,6987,0,418,53,299,279,1110,21,13136
798,2008-07-07,4.165,7241,0,333,49,153,250,1110,21,12759
799,2008-07-14,4.164,8733,0,449,67,234,71,1110,21,12638
800,2008-07-21,4.118,8960,0,350,58,147,194,1110,21,14009
801,2008-07-28,4.01,8114,0,458,36,179,188,1141,21,13329
802,2008-08-04,3.935,7448,0,411,83,202,212,1141,21,13182
803,2008-08-11,3.864,8323,0,373,157,259,101,1141,21,13583
804,2008-08-18,3.794,8242,0,303,72,162,263,1141,21,12507
805,2008-08-25,3.738,6580,0,523,70,237,231,1234,22,12593
806,2008-09-01,3.733,7170,0,430,48,126,113,1240,22,12028
807,2008-09-08,3.701,7726,0,366,199,349,202,1240,22,12899
808,2008-09-15,3.887,7683,0,490,50,244,243,1240,22,12692
809,2008-09-22,3.772,8178,0,416,30,122,119,1240,22,13772
810,2008-09-29,3.687,9213,0,279,109,271,102,1133,21,12463
811,2008-10-06,3.543,8117,0,636,60,320,349,1133,21,12718
812,2008-10-13,3.213,8347,0,590,91,228,167,1133,21,13441
813,2008-10-20,2.974,10168,0,520,75,92,192,1133,21,13698
814,2008-10-27,2.718,7978,0,505,55,209,182,1271,21,12427
815,2008-11-03,2.462,8312,0,509,82,153,167,1189,21,12897
816,2008-11-10,2.284,8612,0,650,76,101,193,1189,21,12734
817,2008-11-17,2.132,8504,0,590,129,296,265,1189,21,13592
818,2008-11-24,1.952,7959,0,612,70,185,68,1289,21,11927
819,2008-12-01,1.87,8738,0,612,113,145,135,1188,21,12196
820,2008-12-08,1.758,9806,0,852,110,163,214,1288,21,11989
821,2008-12-15,1.716,8875,0,551,55,186,202,1288,21,11433
822,2008-12-22,1.71,8193,0,561,52,193,144,1288,21,11994
823,2008-12-29,1.67,10018,0,730,114,248,198,1325,21,11372
824,2009-01-05,1.737,7704,0,489,15,124,199,1325,21,11081
825,2009-01-12,1.835,9250,0,552,31,147,181,1325,21,12359
826,2009-01-19,1.898,9209,0,525,80,205,435,1325,21,11430
827,2009-01-26,1.89,9264,0,355,33,318,237,1296,21,11919
828,2009-02-02,1.944,9369,0,574,40,255,212,1283,21,11632
829,2009-02-09,1.978,9345,0,396,89,105,121,1283,21,10481
830,2009-02-16,2.016,9958,0,715,59,263,337,1283,21,10823
831,2009-02-23,1.963,8993,0,496,67,96,409,1283,21,11842
832,2009-03-02,1.988,9379,0,473,23,261,372,1244,22,11797
833,2009-03-09,1.993,8487,0,410,129,103,183,1244,22,13080
834,2009-03-16,1.964,8631,0,462,32,232,198,1244,22,11988
835,2009-03-23,2.014,7476,0,473,74,293,378,1244,22,12329
836,2009-03-30,2.097,9114,0,478,39,62,136,1244,22,11536
837,2009-04-06,2.09,8222,0,652,74,221,193,1249,22,11589
838,2009-04-13,2.104,8663,0,412,52,299,279,1249,22,11833
839,2009-04-20,2.112,8158,0,445,127,203,122,1249,22,11702
840,2009-04-27,2.102,8176,0,472,16,160,451,1206,22,10404
841,2009-05-04,2.129,8201,0,697,106,142,315,1206,22,12275
842,2009-05-11,2.29,8920,0,470,66,131,206,1206,22,12581
843,2009-05-18,2.36,7770,0,459,119,210,294,1206,22,12234
844,2009-05-25,2.485,9501,0,587,18,220,304,1206,22,12495
845,2009-06-01,2.572,7976,0,481,62,171,218,1221,22,12004
846,2009-06-08,2.673,9233,0,441,73,185,273,1221,22,12230
847,2009-06-15,2.722,9152,0,711,114,329,150,1221,22,12492
848,2009-06-22,2.743,8794,0,493,131,290,405,1221,22,12561
849,2009-06-29,2.695,8982,0,455,115,168,209,1221,22,13360
850,2009-07-06,2.666,7569,0,640,107,172,250,1202,23,13389
851,2009-07-13,2.584,8488,0,197,161,106,177,1202,23,13272
852,2009-07-20,2.519,8944,0,546,84,506,230,1202,23,12826
853,2009-07-27,2.557,8458,0,382,60,181,343,1247,23,12973
854,2009-08-03,2.61,8559,0,540,77,265,152,1257,23,12548
855,2009-08-10,2.7,8405,0,441,69,320,314,1257,23,13368
856,2009-08-17,2.691,8255,0,549,101,432,218,1257,23,12644
857,2009-08-24,2.682,8780,0,493,95,181,185,1241,23,13298
858,2009-08-31,2.667,8949,0,464,157,237,296,1191,23,12828
859,2009-09-07,2.642,8653,0,431,111,208,513,1191,23,12690
860,2009-09-14,2.632,9044,0,473,104,287,122,1191,23,13100
861,2009-09-21,2.607,7874,0,413,53,131,93,1191,23,12354
862,2009-09-28,2.554,9085,0,514,118,370,334,1229,24,12414
863,2009-10-05,2.523,8364,0,522,82,245,175,1229,24,11892
864,2009-10-12,2.543,8630,0,638,201,112,34,1229,24,12769
865,2009-10-19,2.626,8983,0,793,42,137,250,1229,24,12392
866,2009-10-26,2.727,8273,0,799,47,223,235,1180,25,12124
867,2009-11-02,2.746,8206,0,603,157,97,178,1190,25,11564
868,2009-11-09,2.72,8439,0,773,118,230,325,1190,25,11759
869,2009-11-16,2.684,9017,0,677,40,238,171,1190,25,12573
870,2009-11-23,2.694,8638,0,524,117,230,142,1190,25,12328
871,2009-11-30,2.684,9081,0,704,137,335,396,1224,24,12339
872,2009-12-07,2.689,8406,0,430,43,142,294,1224,24,13020
873,2009-12-14,2.655,8759,0,370,39,88,255,1224,24,11074
874,2009-12-21,2.645,9164,0,875,104,274,160,1224,24,11884
875,2009-12-28,2.662,7958,0,787,150,195,510,1272,25,12051
876,2010-01-04,2.718,9248,0,684,119,166,268,1272,25,12375
877,2010-01-11,2.804,8669,0,385,101,262,107,1272,25,12073
878,2010-01-18,2.793,9000,0,513,136,63,218,1272,25,12149
879,2010-01-25,2.76,9483,0,452,190,146,227,1272,25,11901
880,2010-02-01,2.717,9228,0,498,166,126,465,1251,25,12250
881,2010-02-08,2.707,8578,0,478,220,125,187,1251,25,11367
882,2010-02-15,2.664,8633,0,602,163,117,201,1251,25,11656
883,2010-02-22,2.709,9053,0,538,73,184,236,1251,25,12050
884,2010-03-01,2.756,9138,0,546,97,214,311,1251,25,11653
885,2010-03-08,2.804,8305,0,498,80,222,125,1238,26,12300
886,2010-03-15,2.841,8245,0,540,137,114,212,1238,26,12516
887,2010-03-22,2.87,8809,0,575,76,211,323,1238,26,12151
888,2010-03-29,2.851,8474,0,596,185,192,206,1355,26,13375
889,2010-04-05,2.877,8678,0,448,133,173,440,1344,26,11756
890,2010-04-12,2.909,7727,0,581,138,192,313,1344,26,12328
891,2010-04-19,2.911,8832,0,561,148,190,311,1344,26,12158
892,2010-04-26,2.901,8115,0,550,116,166,249,1344,26,11235
893,2010-05-03,2.95,8763,0,589,143,127,282,1282,26,12582
894,2010-05-10,2.958,8381,0,235,125,180,330,1282,26,11300
895,2010-05-17,2.918,8362,0,434,103,323,318,1282,26,10852
896,2010-05-24,2.842,8227,0,398,75,111,148,1282,26,12191
897,2010-05-31,2.784,7450,0,581,110,341,95,1349,26,10799
898,2010-06-07,2.78,8827,0,339,143,280,158,1349,26,10680
899,2010-06-14,2.756,7548,0,513,54,214,192,1349,26,12312
900,2010-06-21,2.795,8147,0,245,149,230,149,1349,26,12640
901,2010-06-28,2.809,8238,72,451,92,164,176,1435,26,12589
902,2010-07-05,2.779,8054,0,680,116,170,180,1435,26,11958
903,2010-07-12,2.771,8508,0,470,53,252,189,1435,26,11309
904,2010-07-19,2.775,7396,0,480,68,231,217,1435,26,10440
905,2010-07-26,2.801,8448,0,555,95,152,399,1529,27,11532
906,2010-08-02,2.788,6746,0,884,189,160,509,1444,27,11659
907,2010-08-09,2.835,8333,83,430,120,105,175,1444,27,11890
908,2010-08-16,2.798,8198,0,451,162,528,196,1444,27,12103
909,2010-08-23,2.759,8265,0,533,109,452,370,1444,27,12303
910,2010-08-30,2.736,7684,0,668,100,718,45,1444,27,11094
911,2010-09-06,2.735,8818,0,594,165,200,185,1451,27,12492
912,2010-09-13,2.772,7953,0,523,127,354,97,1451,27,11446
913,2010-09-20,2.775,8628,0,503,126,330,136,1451,27,11764
914,2010-09-27,2.747,8043,0,724,90,129,162,1544,27,11789
915,2010-10-04,2.784,9282,0,315,79,141,286,1501,27,10756
916,2010-10-11,2.871,9205,0,522,77,85,164,1501,27,12416
917,2010-10-18,2.887,9124,0,414,113,397,240,1501,27,11616
918,2010-10-25,2.87,9708,0,600,109,171,108,1363,26,11271
919,2010-11-01,2.861,8701,0,701,106,257,119,1331,26,10058
920,2010-11-08,2.917,9353,0,533,149,181,251,1331,26,10039
921,2010-11-15,2.944,8908,0,443,76,300,172,1331,26,9176
922,2010-11-22,2.931,9341,0,804,103,502,226,1331,26,11335
923,2010-11-29,2.912,8672,0,615,163,154,66,1511,27,12680
924,2010-12-06,3.013,8660,0,722,134,276,290,1511,27,12160
925,2010-12-13,3.035,8846,0,344,141,197,349,1511,27,12277
926,2010-12-20,3.037,9477,0,632,131,237,51,1511,27,11809
927,2010-12-27,3.106,9374,0,550,104,226,276,1595,27,11602
928,2011-01-03,3.124,8939,0,602,142,240,77,1572,27,10514
929,2011-01-10,3.142,9756,68,338,118,207,250,1772,27,10760
930,2011-01-17,3.158,9341,0,518,115,260,74,1772,27,12235
931,2011-01-24,3.163,9915,68,348,152,145,213,1772,27,10845
932,2011-01-31,3.155,8784,0,587,76,131,249,1395,28,11378
933,2011-02-07,3.185,9429,0,480,177,188,516,1395,28,11216
934,2011-02-14,3.193,9696,0,302,121,167,300,1395,28,11385
935,2011-02-21,3.243,9318,0,438,174,292,265,1395,28,10993
936,2011-02-28,3.435,9296,0,421,52,155,281,1395,28,12303
937,2011-03-07,3.572,9671,0,484,125,260,264,1514,28,11215
938,2011-03-14,3.621,9497,0,377,122,274,326,1514,28,12071
939,2011-03-21,3.617,9034,0,521,76,232,172,1514,28,11780
940,2011-03-28,3.65,9464,0,486,140,226,246,1514,28,11608
941,2011-04-04,3.737,8990,0,497,190,262,201,1514,28,11325
942,2011-04-11,3.843,9139,0,341,128,120,328,1595,29,9902
943,2011-04-18,3.896,8914,69,698,177,216,154,1595,29,9982
944,2011-04-25,3.932,9631,0,521,183,445,331,1595,29,10928
945,2011-05-02,4.014,9320,0,310,173,190,403,1651,29,10737
946,2011-05-09,4.018,9328,0,719,145,249,535,1651,29,10513
947,2011-05-16,4.014,8561,0,453,205,407,360,1651,29,10944
948,2011-05-23,3.904,8711,142,490,89,170,86,1651,29,11066
949,2011-05-30,3.848,7916,0,487,125,382,279,1735,30,10588
950,2011-06-06,3.833,8712,0,590,100,260,227,1735,30,10526
951,2011-06-13,3.767,8810,0,518,162,437,226,1735,30,11060
952,2011-06-20,3.708,9445,0,884,82,300,639,1826,31,10618
953,2011-06-27,3.631,8637,0,347,225,237,199,1826,31,10620
954,2011-07-04,3.634,8877,0,562,181,564,393,1826,31,9338
955,2011-07-11,3.695,9362,0,694,250,965,705,1850,30,9700
956,2011-07-18,3.736,8508,0,712,133,539,347,1850,30,10095
957,2011-07-25,3.754,7806,0,636,250,501,404,1850,30,10727
958,2011-08-01,3.766,8751,0,740,220,517,507,1850,30,9672
959,2011-08-08,3.73,9143,74,721,238,447,381,1863,30,10007
960,2011-08-15,3.662,8988,68,592,192,704,443,1863,30,9805
961,2011-08-22,3.638,7689,0,482,231,563,444,1863,30,10020
962,2011-08-29,3.682,9041,0,580,221,453,550,1863,30,10229
963,2011-09-05,3.727,8654,0,891,116,486,557,1894,31,10204
964,2011-09-12,3.715,10212,65,563,237,326,241,1894,31,10183
965,2011-09-19,3.657,9331,0,325,188,352,205,1894,31,10523
966,2011-09-26,3.568,9882,0,664,155,250,498,1894,31,9736
967,2011-10-03,3.492,9228,0,518,91,350,258,1894,31,9907
968,2011-10-10,3.476,9480,0,692,148,137,285,1846,31,8483
969,2011-10-17,3.533,9864,0,496,156,204,281,1846,31,9973
970,2011-10-24,3.52,9415,0,678,148,306,220,1846,31,9948
971,2011-10-31,3.511,10324,0,863,165,226,417,1846,31,9808
972,2011-11-07,3.482,9644,65,786,175,447,434,1898,31,9353
973,2011-11-14,3.495,9263,67,507,318,163,204,1898,31,10488
974,2011-11-21,3.427,10241,0,813,97,172,490,1898,31,10329
975,2011-11-28,3.368,8951,0,692,167,248,438,1898,31,10102
976,2011-12-05,3.35,9846,0,489,144,236,187,1891,32,9374
977,2011-12-12,3.346,8694,0,865,151,202,360,1891,32,9200
978,2011-12-19,3.29,8709,0,829,137,208,258,1891,32,9542
979,2011-12-26,3.317,9076,0,711,94,291,269,1891,32,8836
980,2012-01-02,3.358,9573,0,752,147,272,465,1891,32,9279
981,2012-01-09,3.441,9196,66,555,168,186,179,1952,32,9075
982,2012-01-16,3.451,9986,0,637,50,270,527,1952,32,9768
983,2012-01-23,3.45,9651,0,781,240,146,232,1952,32,9604
984,2012-01-30,3.5,8893,0,808,241,185,465,1952,32,8695
985,2012-02-06,3.542,8683,0,573,133,382,538,1945,32,8460
986,2012-02-13,3.584,8516,0,621,176,196,307,1945,32,8184
987,2012-02-20,3.652,8572,0,947,111,185,295,1945,32,8469
988,2012-02-27,3.78,9400,0,579,168,175,464,1945,32,9007
989,2012-03-05,3.849,8258,0,675,120,146,380,1945,32,9676
990,2012-03-12,3.884,9107,0,582,117,347,207,1680,33,9475
991,2012-03-19,3.923,8677,0,464,212,170,264,1680,33,9059
992,2012-03-26,3.973,8778,0,935,69,229,484,1680,33,9693
993,2012-04-02,3.996,8988,0,955,120,362,554,1680,33,10056
994,2012-04-09,3.997,9556,0,773,42,308,368,1712,33,9188
995,2012-04-16,3.98,8636,0,748,155,322,401,1712,33,10117
996,2012-04-23,3.929,9361,0,695,130,196,195,1712,33,10240
997,2012-04-30,3.889,9443,0,640,49,306,438,1712,33,9352
998,2012-05-07,3.849,9350,0,776,36,326,387,1644,33,8947
999,2012-05-14,3.814,9669,0,542,174,272,355,1644,33,9819
1000,2012-05-21,3.773,8759,150,822,88,246,121,1644,33,9986
1001,2012-05-28,3.728,8142,75,740,71,417,270,1644,33,10679
1002,2012-06-04,3.671,9891,0,831,57,274,405,1644,33,9413
1003,2012-06-11,3.629,9001,0,438,85,256,265,1734,34,10758
1004,2012-06-18,3.589,8807,0,696,104,163,325,1734,34,10770
1005,2012-06-25,3.494,8692,0,771,131,227,323,1734,34,11320
1006,2012-07-02,3.415,8167,0,816,68,235,264,1734,34,10111
1007,2012-07-09,3.469,8583,79,765,88,238,374,1785,34,10308
1008,2012-07-16,3.485,8517,0,728,105,293,124,1785,34,10965
1009,2012-07-23,3.554,9112,75,617,39,284,189,1785,34,10244
1010,2012-07-30,3.568,8517,72,736,193,234,310,1785,34,9765
1011,2012-08-06,3.702,8595,0,570,113,242,430,1785,34,10021
1012,2012-08-13,3.779,9136,157,475,77,278,127,2025,33,10411
1013,2012-08-20,3.803,8034,0,868,146,305,280,2025,33,10070
1014,2012-08-27,3.837,8016,79,685,76,171,118,2025,33,10415
1015,2012-09-03,3.903,8201,0,727,105,219,217,2025,33,9602
1016,2012-09-10,3.907,8160,0,669,28,224,104,2120,33,10292
1017,2012-09-17,3.939,8448,0,720,48,231,209,2120,33,11468
1018,2012-09-24,3.889,7858,0,785,135,137,201,2120,33,10382
1019,2012-10-01,3.866,9127,0,782,116,254,141,2120,33,10093
1020,2012-10-08,3.914,8849,0,897,106,262,253,2062,32,10411
1021,2012-10-15,3.886,8265,0,714,192,181,224,2062,32,10815
1022,2012-10-22,3.756,9133,0,863,105,208,150,2062,32,10362
1023,2012-10-29,3.638,9409,0,1064,87,134,100,2062,32,9621
1024,2012-11-05,3.563,9160,0,853,144,367,332,2189,33,9079
1025,2012-11-12,3.518,8694,71,844,78,213,202,2189,33,9628
1026,2012-11-19,3.497,9101,0,1079,99,200,270,2189,33,9405
1027,2012-11-26,3.505,8844,0,866,89,238,213,2189,33,9072
1028,2012-12-03,3.463,9165,0,708,59,131,171,2189,33,8258
1029,2012-12-10,3.419,8658,72,574,153,223,89,2186,33,8868
1030,2012-12-17,3.324,9218,0,784,127,112,120,2186,33,9985
1031,2012-12-24,3.328,9030,0,1132,105,260,293,2186,33,8756
1032,2012-12-31,3.369,9591,0,1032,104,181,153,2186,33,8271
1033,2013-01-07,3.373,8417,0,594,73,225,88,2121,34,8065
1034,2013-01-14,3.377,9163,0,691,89,241,210,2121,34,9387
1035,2013-01-21,3.386,9226,0,1077,53,191,201,2121,34,8466
1036,2013-01-28,3.427,9168,0,870,104,198,264,2121,34,9569
1037,2013-02-04,3.604,8686,0,985,69,204,110,2252,33,7793
1038,2013-02-11,3.677,9193,0,667,124,223,52,2252,33,9443
1039,2013-02-18,3.812,9398,0,952,29,125,46,2252,33,9226
1040,2013-02-25,3.851,9200,0,990,166,222,350,2252,33,7934
1041,2013-03-04,3.826,9233,0,757,59,163,287,2252,33,9312
1042,2013-03-11,3.779,8339,0,961,145,327,358,2241,33,9484
1043,2013-03-18,3.764,8665,0,672,93,109,359,2241,33,9698
1044,2013-03-25,3.746,8953,0,792,166,138,246,2241,33,9675
1045,2013-04-01,3.714,8509,0,828,86,138,89,2241,33,9616
1046,2013-04-08,3.676,8191,0,1016,156,449,252,2168,33,8628
1047,2013-04-15,3.611,9502,0,572,143,128,247,2168,33,8173
1048,2013-04-22,3.603,9992,0,594,160,388,152,2168,33,8058
1049,2013-04-29,3.587,9015,0,773,243,347,71,2168,33,8554
1050,2013-05-06,3.602,9099,0,1090,192,339,422,2327,34,8383
1051,2013-05-13,3.665,9177,0,915,86,308,133,2327,34,9239
1052,2013-05-20,3.729,10088,71,738,123,258,187,2327,34,9191
1053,2013-05-27,3.704,8957,0,888,101,466,516,2327,34,9251
1054,2013-06-03,3.705,9503,0,780,218,311,297,2327,34,8680
1055,2013-06-10,3.715,9730,152,809,188,410,129,2222,34,8435
1056,2013-06-17,3.689,9337,76,801,108,674,84,2222,34,10131
1057,2013-06-24,3.645,9145,0,1038,68,449,253,2222,34,9563
1058,2013-07-01,3.567,7631,0,589,84,497,207,2222,34,9361
1059,2013-07-08,3.563,8289,0,740,192,399,275,2191,34,8639
1060,2013-07-15,3.706,8489,0,767,115,404,223,2191,34,10055
1061,2013-07-22,3.751,8745,0,820,224,231,267,2191,34,10287
1062,2013-07-29,3.716,8678,0,621,75,475,360,2191,34,9176
1063,2013-08-05,3.701,8379,0,711,111,269,144,2453,35,8587
1064,2013-08-12,3.633,7197,0,872,82,490,189,2453,35,9158
1065,2013-08-19,3.622,8762,0,738,48,600,260,2453,35,8661
1066,2013-08-26,3.623,8325,0,614,110,376,406,2453,35,9524
1067,2013-09-02,3.678,8679,0,678,107,632,355,2453,35,8948
1068,2013-09-09,3.658,7621,0,783,67,594,110,2309,35,9211
1069,2013-09-16,3.619,8693,0,1002,164,486,450,2309,35,9789
1070,2013-09-23,3.567,9655,0,988,118,489,523,2309,35,9081
1071,2013-09-30,3.499,10361,0,883,35,367,350,2309,35,8818
1072,2013-10-07,3.441,8917,0,1134,100,266,335,2416,35,8829
1073,2013-10-14,3.43,9405,0,981,70,157,239,2416,35,8753
1074,2013-10-21,3.435,10614,0,1023,97,204,144,2416,35,9105
1075,2013-10-28,3.372,9669,0,1112,105,137,279,2416,35,7988
1076,2013-11-04,3.343,9856,0,1105,143,321,307,2416,35,8057
1077,2013-11-11,3.274,9334,0,744,118,317,136,2515,36,7940
1078,2013-11-18,3.298,10073,0,1227,154,239,218,2515,36,9107
1079,2013-11-25,3.372,10041,0,923,99,207,296,2515,36,8301
1080,2013-12-02,3.353,10521,0,758,128,293,525,2515,36,8527
1081,2013-12-09,3.35,9884,0,827,165,328,332,2777,36,6557
1082,2013-12-16,3.321,10302,0,842,53,507,432,2777,36,8600
1083,2013-12-23,3.351,9332,0,871,128,337,276,2777,36,8469
1084,2013-12-30,3.409,9466,0,1070,216,209,308,2777,36,7860
1085,2014-01-06,3.411,9599,0,1135,174,312,256,2793,36,7611
1086,2014-01-13,3.406,9732,0,934,168,230,255,2894,36,7936
1087,2014-01-20,3.376,9441,0,738,175,245,215,2894,36,8475
1088,2014-01-27,3.375,10084,0,980,187,194,358,2894,36,9195
1089,2014-02-03,3.372,10294,0,931,156,495,335,2880,36,8225
1090,2014-02-10,3.388,9970,0,578,216,256,316,2880,36,6803
1091,2014-02-17,3.457,9868,0,908,118,343,306,2880,36,8360
1092,2014-02-24,3.52,10246,0,811,68,244,387,2880,36,8018
1093,2014-03-03,3.553,10126,0,1166,153,400,350,2880,36,8830
1094,2014-03-10,3.584,9648,0,921,122,313,254,2921,37,7215
1095,2014-03-17,3.619,10759,0,830,122,352,192,2921,37,8133
1096,2014-03-24,3.622,10299,0,721,149,396,249,2921,37,8387
1097,2014-03-31,3.651,9513,0,752,48,394,311,2921,37,7580
1098,2014-04-07,3.67,9852,0,831,108,421,163,3096,37,7514
1099,2014-04-14,3.725,10019,0,638,298,288,232,3156,37,8031
1100,2014-04-21,3.758,9513,0,698,49,206,262,3156,37,7723
1101,2014-04-28,3.788,10159,0,746,90,275,423,3156,37,7348
1102,2014-05-05,3.761,10176,0,759,91,246,374,3156,37,7331
1103,2014-05-12,3.746,9948,0,863,86,238,366,2734,38,7319
1104,2014-05-19,3.743,10354,0,632,54,237,400,2734,38,8305
1105,2014-05-26,3.75,9151,0,821,57,245,373,2734,38,9078
1106,2014-06-02,3.765,9128,0,947,69,232,456,2734,38,7616
1107,2014-06-09,3.749,9531,0,567,82,195,287,2726,39,7666
1108,2014-06-16,3.76,9140,0,759,128,246,200,2726,39,7899
1109,2014-06-23,3.778,9515,0,924,53,297,217,2726,39,7905
1110,2014-06-30,3.778,9438,0,583,146,269,369,2726,39,7884
1111,2014-07-07,3.753,9759,0,732,139,304,237,2891,39,8286
1112,2014-07-14,3.712,9214,0,604,100,285,230,2891,39,7623
1113,2014-07-21,3.671,9803,0,689,108,473,319,2891,39,7999
1114,2014-07-28,3.617,8634,0,490,86,512,833,2891,39,8026
1115,2014-08-04,3.595,10488,0,688,77,373,211,2935,39,8394
1116,2014-08-11,3.582,8447,0,555,65,375,278,2935,39,8930
1117,2014-08-18,3.549,10160,0,692,136,474,660,2935,39,8261
1118,2014-08-25,3.532,9007,0,854,86,696,656,2935,39,8133
1119,2014-09-01,3.536,9837,0,621,57,535,288,2935,39,7852
1120,2014-09-08,3.534,9788,0,1021,101,596,602,2935,39,7723
1121,2014-09-15,3.485,9498,0,934,131,427,265,2846,40,9367
1122,2014-09-22,3.432,10108,0,756,37,385,396,2846,40,7283
1123,2014-09-29,3.434,10077,0,1168,68,287,165,2846,40,7717
1124,2014-10-06,3.382,9757,0,1226,30,428,319,2866,40,8263
1125,2014-10-13,3.292,9461,0,834,59,241,277,2866,40,7233
1126,2014-10-20,3.205,9676,0,1295,81,397,321,2866,40,8739
1127,2014-10-27,3.139,10469,0,771,121,239,237,2866,40,7485
1128,2014-11-03,3.077,9791,0,618,59,386,256,2866,40,7928
1129,2014-11-10,3.025,9926,0,919,102,343,220,2913,41,9104
1130,2014-11-17,2.978,9939,0,955,173,295,452,2913,41,6729
1131,2014-11-24,2.907,10493,0,850,159,338,317,2913,41,7184
1132,2014-12-01,2.864,10703,0,991,166,336,199,2913,41,6840
1133,2014-12-08,2.767,10483,0,1029,172,332,271,2778,41,7766
1134,2014-12-15,2.643,10271,0,756,211,355,273,2778,41,8388
1135,2014-12-22,2.496,10188,0,1017,80,173,500,2778,41,7154
1136,2014-12-29,2.392,10591,0,969,234,293,292,2778,41,6994
1137,2015-01-05,2.308,10138,0,1262,160,296,217,2819,42,7208
1138,2015-01-12,2.232,10054,0,951,86,372,199,2819,42,7066
1139,2015-01-19,2.157,9901,0,872,81,263,164,2819,42,7174
1140,2015-01-26,2.133,11324,0,1263,67,241,279,2819,42,7687
1141,2015-02-02,2.154,10351,0,1104,136,204,157,2819,42,7953
1142,2015-02-09,2.276,9524,0,858,179,353,183,2944,43,7875
1143,2015-02-16,2.358,10407,0,891,98,351,229,2944,43,7329
1144,2015-02-23,2.415,10549,0,992,257,212,305,2944,43,6093
1145,2015-03-02,2.556,10280,0,889,103,353,184,2944,43,7492
1146,2015-03-09,2.57,10711,0,1192,76,278,176,2944,43,6864
1147,2015-03-16,2.537,9914,0,607,95,244,330,3091,44,6800
1148,2015-03-23,2.538,8426,0,884,60,227,389,3091,44,7112
1149,2015-03-30,2.531,9886,0,1003,77,270,412,3091,44,6239
1150,2015-04-06,2.499,10180,0,915,56,323,319,3091,44,6488
1151,2015-04-13,2.494,10054,0,1032,157,326,434,3091,44,6525
1152,2015-04-20,2.57,10097,0,720,153,344,406,3283,44,6455
1153,2015-04-27,2.656,10317,0,922,94,290,430,3283,44,6052
1154,2015-05-04,2.749,10676,0,670,164,342,465,3283,44,6452
1155,2015-05-11,2.776,10495,0,814,51,230,417,2894,45,5984
1156,2015-05-18,2.827,10229,0,715,235,222,408,2894,45,6829
1157,2015-05-25,2.857,10189,0,763,163,301,488,2894,45,6889
1158,2015-06-01,2.863,10056,0,899,105,347,442,2894,45,6938
1159,2015-06-08,2.863,10864,0,1093,110,261,452,2894,45,6805
1160,2015-06-15,2.918,10366,0,806,121,284,182,2893,47,6728
1161,2015-06-22,2.895,10545,0,719,119,338,230,2893,47,7636
1162,2015-06-29,2.885,9863,0,989,85,221,76,2893,47,7320
1163,2015-07-06,2.877,9775,0,837,198,276,378,2893,47,6666
1164,2015-07-13,2.92,9973,0,589,30,270,228,2730,48,7673
1165,2015-07-20,2.888,10120,0,583,107,284,371,2730,48,7360
1166,2015-07-27,2.833,10458,0,636,134,525,567,2730,48,6581
1167,2015-08-03,2.779,9886,0,781,76,358,537,2730,48,7247
1168,2015-08-10,2.72,9914,0,900,57,258,581,2730,48,7478
1169,2015-08-17,2.803,10434,0,1175,143,324,164,2857,50,8095
1170,2015-08-24,2.726,9643,0,776,66,431,279,2857,50,6293
1171,2015-08-31,2.602,10065,0,984,127,279,453,2857,50,6203
1172,2015-09-07,2.532,10099,0,957,63,337,460,2857,50,7046
1173,2015-09-14,2.471,10041,0,964,77,307,563,2955,52,7056
1174,2015-09-21,2.425,10270,0,978,88,341,582,2955,52,7253
1175,2015-09-28,2.418,10568,0,870,145,258,525,2955,52,7194
1176,2015-10-05,2.415,9890,0,900,200,294,248,2955,52,6736
1177,2015-10-12,2.432,9863,0,1002,51,253,223,3245,55,6443
1178,2015-10-19,2.374,9718,0,1090,111,282,406,3245,55,7160
1179,2015-10-26,2.326,10863,0,1072,49,169,628,3245,55,6961
1180,2015-11-02,2.322,10259,0,1047,75,287,179,3245,55,6278
1181,2015-11-09,2.335,9992,0,1098,170,229,404,3245,55,6220
1182,2015-11-16,2.281,10859,0,988,100,249,397,3428,56,6648
1183,2015-11-23,2.198,10311,0,1093,116,181,641,3428,56,6722
1184,2015-11-30,2.165,10698,0,1015,39,329,381,3428,56,6609
1185,2015-12-07,2.159,10220,0,836,48,162,402,3428,56,6694
1186,2015-12-14,2.144,10617,0,1043,75,296,285,3428,56,5961
1187,2015-12-21,2.133,10177,0,1143,86,142,377,3379,56,6216
1188,2015-12-28,2.141,10971,0,1030,107,201,353,3379,56,5922
1189,2016-01-04,2.135,10219,0,1014,56,322,410,3379,56,6424
1190,2016-01-11,2.104,9954,0,954,22,262,378,3379,56,6063
1191,2016-01-18,2.022,10825,0,810,165,195,396,3443,57,6053
1192,2016-01-25,1.965,9940,0,1052,81,255,283,3443,57,6343
1193,2016-02-01,1.932,10956,0,1013,68,207,504,3443,57,4970
1194,2016-02-08,1.87,11057,0,1186,80,182,364,3443,57,6296
1195,2016-02-15,1.834,10305,0,973,39,160,242,3641,58,5504
1196,2016-02-22,1.837,10577,0,1225,31,229,415,3641,58,5177
1197,2016-02-29,1.887,10463,0,1271,165,314,658,3641,58,5742
1198,2016-03-07,1.943,9531,0,862,105,280,547,3641,58,4626
1199,2016-03-14,2.062,9128,0,1098,143,176,472,3641,58,5562
1200,2016-03-21,2.109,9832,0,938,185,185,626,3722,61,6192
1201,2016-03-28,2.169,9693,0,1207,191,184,408,3722,61,5127
1202,2016-04-04,2.185,8119,0,1423,159,310,673,3722,61,5978
1203,2016-04-11,2.173,8619,0,1431,179,269,699,3722,61,5355
1204,2016-04-18,2.24,9207,0,1541,221,311,640,3813,64,4825
1205,2016-04-25,2.265,9957,0,1027,319,514,591,3813,64,5201
1206,2016-05-02,2.342,10060,0,1220,301,323,552,3813,64,5342
1207,2016-05-09,2.325,10584,0,1131,444,496,768,3813,64,5311
1208,2016-05-16,2.345,9700,0,1096,249,547,843,3813,64,5691
1209,2016-05-23,2.403,10219,0,1130,139,429,595,3609,67,4892
1210,2016-05-30,2.44,9693,0,584,183,379,490,3609,67,5510
1211,2016-06-06,2.482,10579,0,949,183,401,457,3609,67,6680
1212,2016-06-13,2.499,10429,0,1256,400,425,608,3609,67,6058
1213,2016-06-20,2.455,9859,0,994,138,444,498,3075,71,6253
1214,2016-06-27,2.432,10189,0,960,258,333,631,3075,71,5782
1215,2016-07-04,2.396,10058,0,921,167,293,698,3075,71,6217
1216,2016-07-11,2.359,9870,0,1008,122,623,688,3075,71,5634
1217,2016-07-18,2.336,9846,0,1023,154,465,955,3153,74,6673
1218,2016-07-25,2.289,9257,0,917,182,701,644,3153,74,6305
1219,2016-08-01,2.267,9596,0,935,42,377,563,3153,74,5675
1220,2016-08-08,2.256,9860,0,1188,174,388,400,3153,74,6119
1221,2016-08-15,2.256,10264,0,1094,66,680,568,3392,273,5561
1222,2016-08-22,2.299,9959,0,1193,143,494,563,3392,273,5408
1223,2016-08-29,2.341,9878,0,1230,87,306,417,3392,273,5696
1224,2016-09-05,2.329,10145,0,1110,104,323,344,3392,273,5710
1225,2016-09-12,2.31,9940,0,1268,106,282,340,3392,273,5803
1226,2016-09-19,2.333,9331,0,1111,102,220,392,3807,295,5612
1227,2016-09-26,2.334,10100,0,1049,161,222,403,3807,295,5055
1228,2016-10-03,2.354,9953,0,1087,123,309,363,3807,295,5956
1229,2016-10-10,2.381,9539,0,1101,70,221,451,3807,295,5930
1230,2016-10-17,2.367,9665,0,907,254,125,254,3721,385,5160
1231,2016-10-24,2.353,9864,0,1338,190,379,488,3721,385,5930
1232,2016-10-31,2.341,9811,0,1019,262,293,211,3721,385,5538
1233,2016-11-07,2.345,10007,0,1649,209,325,668,3721,385,5893
1234,2016-11-14,2.298,10383,0,1450,112,330,558,3721,385,4783
1235,2016-11-21,2.269,9557,0,1626,256,354,374,3974,420,4576
1236,2016-11-28,2.268,10842,0,1552,345,483,316,3974,420,5223
1237,2016-12-05,2.321,10881,0,1399,221,296,409,3974,420,5139
1238,2016-12-12,2.347,10547,0,1410,100,363,566,3974,420,4773
1239,2016-12-19,2.375,10994,0,1084,183,284,563,4018,411,4750
1240,2016-12-26,2.419,10546,0,958,188,264,385,4018,411,4589
1241,2017-01-02,2.485,10539,0,1271,263,257,208,4018,411,4631
1242,2017-01-09,2.496,9619,0,1099,225,338,295,4018,411,5185
1243,2017-01-16,2.467,10701,0,1050,172,222,242,3778,374,5198
1244,2017-01-23,2.436,10507,0,1008,167,566,409,3778,374,5282
1245,2017-01-30,2.408,10431,0,1327,224,473,562,3778,374,5440
1246,2017-02-06,2.405,10165,0,1216,205,334,164,3778,374,5667
1247,2017-02-13,2.418,10022,0,1388,300,261,277,3759,388,6959
1248,2017-02-20,2.414,10197,0,1324,399,521,219,3759,388,5385
1249,2017-02-27,2.427,11153,0,1183,266,360,263,3759,388,5761
1250,2017-03-06,2.452,10365,0,1027,119,522,332,3759,388,5637
1251,2017-03-13,2.434,10597,0,1084,124,384,328,3759,388,5608
1252,2017-03-20,2.433,10592,0,799,292,471,511,4092,502,5749
1253,2017-03-27,2.428,11083,0,1459,158,404,302,4092,502,5371
1254,2017-04-03,2.471,10513,0,1114,200,304,208,4092,502,5106
1255,2017-04-10,2.534,10364,0,1070,215,268,197,4092,502,4955
1256,2017-04-17,2.546,10430,0,676,399,271,135,4427,478,5136
1257,2017-04-24,2.559,9494,0,957,182,241,243,4427,478,4968
1258,2017-05-01,2.522,10093,0,1219,201,265,473,4427,478,3917
1259,2017-05-08,2.484,9787,0,991,186,224,232,4427,478,5303
1260,2017-05-15,2.481,9450,0,1088,78,328,283,4260,503,4956
1261,2017-05-22,2.51,10490,0,1198,127,205,343,4260,503,4918
1262,2017-05-29,2.516,9758,0,940,96,298,269,4260,503,6046
1263,2017-06-05,2.525,10299,0,877,141,303,394,4260,503,4978
1264,2017-06-12,2.479,9598,0,967,247,465,246,4260,503,5681
1265,2017-06-19,2.433,8902,0,843,107,541,255,3983,467,5993
1266,2017-06-26,2.404,9129,0,968,163,431,190,3983,467,4093
1267,2017-07-03,2.376,10126,0,1254,249,385,95,3983,467,5288
1268,2017-07-10,2.411,9505,0,1033,270,475,400,3983,467,5444
1269,2017-07-17,2.392,11057,0,1035,137,277,504,3794,441,5075
1270,2017-07-24,2.426,9808,0,911,196,436,357,3794,441,5311
1271,2017-07-31,2.467,9967,0,1275,261,364,292,3794,441,4733
1272,2017-08-07,2.492,9547,0,984,203,339,349,3794,441,5578
1273,2017-08-14,2.497,9584,0,820,232,357,399,4312,571,4553
1274,2017-08-21,2.474,9742,0,948,221,334,369,4312,571,5755
1275,2017-08-28,2.513,9522,0,889,286,381,513,4312,571,5310
1276,2017-09-04,2.794,8872,0,788,188,432,332,4312,571,5141
1277,2017-09-11,2.8,9802,0,910,372,322,391,4312,571,5888
1278,2017-09-18,2.75,10418,0,803,238,221,595,4312,571,5399
1279,2017-09-25,2.701,9632,0,1134,263,349,571,4460,576,4647
1280,2017-10-02,2.682,10245,0,1009,165,375,580,4460,576,5457
1281,2017-10-09,2.622,9804,0,953,294,259,530,4460,576,6192
1282,2017-10-16,2.605,9919,0,1039,336,263,488,4172,477,5075
1283,2017-10-23,2.594,10035,0,1164,297,310,437,4172,477,5801
1284,2017-10-30,2.602,10264,0,1152,233,337,302,4172,477,5199
1285,2017-11-06,2.673,10991,0,1222,324,327,211,4172,477,4675
1286,2017-11-13,2.706,10332,0,1528,264,249,379,4172,477,4951
1287,2017-11-20,2.683,10892,0,1295,162,190,214,4561,526,5084
1288,2017-11-27,2.648,10018,0,1610,294,198,426,4561,526,4241
1289,2017-12-04,2.617,10240,0,1506,237,229,229,4561,526,4849
1290,2017-12-11,2.601,10141,0,1157,312,180,315,4561,526,4604
1291,2017-12-18,2.568,10791,0,1284,191,255,367,4197,504,4654
1292,2017-12-25,2.589,10501,0,1112,230,214,377,4197,504,3958
1293,2018-01-01,2.637,10778,0,1392,293,313,251,4197,504,4896
1294,2018-01-08,2.639,10025,0,1423,305,278,428,4197,504,4240
1295,2018-01-15,2.673,10375,0,915,194,251,435,4598,445,4427
1296,2018-01-22,2.684,10378,0,1652,189,257,315,4598,445,4818
1297,2018-01-29,2.723,10165,0,1225,265,339,322,4598,445,5497
1298,2018-02-05,2.753,9998,0,1397,247,303,402,4598,445,5831
1299,2018-02-12,2.724,9873,0,1213,231,232,173,4343,500,4567
1300,2018-02-19,2.676,10815,0,927,283,428,247,4343,500,5119
1301,2018-02-26,2.666,9822,0,993,203,320,753,4343,500,4760
1302,2018-03-05,2.679,10237,0,1314,224,389,162,4343,500,5518
1303,2018-03-12,2.677,9563,0,1016,194,352,381,4343,500,5699
1304,2018-03-19,2.716,9805,0,1011,200,307,335,4364,399,5644
1305,2018-03-26,2.764,10442,0,1052,268,314,348,4364,399,5966
1306,2018-04-02,2.817,10253,0,1154,112,192,335,4364,399,4679
1307,2018-04-09,2.811,9869,0,1323,246,385,307,4364,399,5867
1308,2018-04-16,2.863,10408,0,1093,191,302,504,4364,399,5436
1309,2018-04-23,2.914,9103,0,838,235,235,298,4772,387,5437
1310,2018-04-30,2.961,9381,0,1238,174,325,235,4772,387,5217
1311,2018-05-07,2.96,9656,0,1131,191,270,384,4772,387,4875
1312,2018-05-14,2.949,10487,0,1014,152,210,239,4772,387,5482
1313,2018-05-21,2.999,9820,0,1124,196,267,304,4772,387,4698
1314,2018-05-28,3.039,10354,0,835,220,203,215,4023,339,5445
1315,2018-06-04,3.018,9374,0,1169,240,299,350,4023,339,5986
1316,2018-06-11,2.989,10063,0,985,146,170,336,4023,339,6003
1317,2018-06-18,2.958,9111,0,1108,190,249,610,3998,390,6046
1318,2018-06-25,2.913,9805,0,1015,153,143,269,3998,390,5860
1319,2018-07-02,2.924,10009,0,1151,135,326,259,3998,390,5699
1320,2018-07-09,2.937,9806,0,1020,166,131,381,3998,390,5789
1321,2018-07-16,2.943,10389,0,938,85,309,215,3998,390,5946
1322,2018-07-23,2.911,10156,0,1228,56,242,576,4218,489,5680
1323,2018-07-30,2.924,10056,0,1156,182,277,206,4218,489,5813
1324,2018-08-06,2.93,10514,0,1144,209,371,295,4218,489,5830
1325,2018-08-13,2.921,9737,0,841,157,282,200,4218,489,6503
1326,2018-08-20,2.9,10102,0,827,71,381,404,4492,598,5974
1327,2018-08-27,2.906,9958,0,1354,132,194,181,4492,598,6076
1328,2018-09-03,2.903,9437,0,800,87,186,302,4492,598,5622
1329,2018-09-10,2.912,10548,0,745,258,133,264,4492,598,6088
1330,2018-09-17,2.921,9468,0,901,298,294,418,4578,677,6218
1331,2018-09-24,2.923,8898,0,963,41,242,425,4578,677,6340
1332,2018-10-01,2.947,10283,0,944,111,322,316,4578,677,6029
1333,2018-10-08,2.984,8912,0,907,203,161,386,4578,677,5786
1334,2018-10-15,2.961,8879,0,950,318,260,316,4578,677,6591
1335,2018-10-22,2.925,10041,0,1006,178,261,608,4976,698,6060
1336,2018-10-29,2.896,10215,0,1385,114,273,425,4066,501,5037
1337,2018-11-05,2.84,10628,0,1494,131,187,317,4203,418,6059
1338,2018-11-12,2.773,9933,0,915,300,216,370,5736,588,4607
1339,2018-11-19,2.7,9237,0,1143,161,198,482,5464,507,4514
1340,2018-11-26,2.63,8959,0,1023,116,250,301,5290,440,4678
1341,2018-12-03,2.544,9786,0,1310,162,211,216,4611,481,5255
1342,2018-12-10,2.511,9688,0,1195,109,127,403,3946,439,5181
1343,2018-12-17,2.46,10259,0,1042,86,257,405,4600,415,4468
1344,2018-12-24,2.413,10251,0,1162,114,107,335,4598,404,6359
1345,2018-12-31,2.358,10168,0,1356,66,149,369,4890,410,4342
1346,2019-01-07,2.329,9547,0,1163,34,142,257,5239,481,5668
1347,2019-01-14,2.338,10791,0,1016,98,150,223,4812,469,5139
1348,2019-01-21,2.34,9806,0,1145,63,102,151,5082,474,4979
1349,2019-01-28,2.343,10005,0,965,119,121,386,5266,499,5249
1350,2019-02-04,2.341,10193,0,864,59,292,341,5744,485,3600
1351,2019-02-11,2.361,9655,0,785,74,136,311,5431,557,4794
1352,2019-02-18,2.4,10991,0,794,95,73,501,6494,627,3382
1353,2019-02-25,2.471,9979,0,1368,67,123,384,5672,686,3756
1354,2019-03-04,2.502,9830,0,883,50,93,356,5946,727,5175
1355,2019-03-11,2.549,8581,0,1121,26,117,325,5314,704,5341
1356,2019-03-18,2.625,8510,0,977,79,131,258,5540,599,4750
1357,2019-03-25,2.701,7143,0,1211,68,199,440,5289,549,5013
1358,2019-04-01,2.77,8989,0,1261,145,195,375,5948,567,5968
1359,2019-04-08,2.826,10346,0,1434,151,165,432,5533,1026,4946
1360,2019-04-15,2.912,10161,0,1452,73,91,258,5898,1211,3587
1361,2019-04-22,2.926,10400,0,1062,85,181,186,5335,721,4576
1362,2019-04-29,2.972,10337,0,831,38,273,345,6224,897,4222
1363,2019-05-06,2.983,9972,0,1040,136,149,352,5685,717,3873
1364,2019-05-13,2.954,9503,0,589,36,114,228,5334,550,4950
1365,2019-05-20,2.939,9871,0,860,88,122,241,6210,1010,4394
1366,2019-05-27,2.909,10959,0,980,77,234,392,5310,575,4712
1367,2019-06-03,2.893,9504,0,884,45,116,576,5033,689,4300
1368,2019-06-10,2.821,9959,0,1106,26,103,312,5867,565,3926
1369,2019-06-17,2.759,9673,0,802,45,175,276,5979,1152,5301
1370,2019-06-24,2.741,9118,0,1254,111,240,622,5275,538,5022
1371,2019-07-01,2.798,9249,0,1145,54,150,427,5275,693,4904
1372,2019-07-08,2.827,10485,0,852,56,307,322,6005,1086,4631
1373,2019-07-15,2.86,9729,0,797,10,215,431,5267,625,5227
1374,2019-07-22,2.833,9866,0,1154,69,362,470,6233,1303,3989
1375,2019-07-29,2.798,9708,0,1154,101,264,524,5117,557,5516
1376,2019-08-05,2.772,10037,0,829,16,177,538,5170,722,4646
1377,2019-08-12,2.71,9652,0,1318,111,146,460,4897,517,5245
1378,2019-08-19,2.684,8793,0,826,23,477,464,5599,528,4233
1379,2019-08-26,2.661,8769,0,805,60,282,306,5116,768,4917
1380,2019-09-02,2.651,9028,0,1170,59,294,436,5620,918,3801
1381,2019-09-09,2.638,9121,0,1257,47,302,502,5537,728,4435
1382,2019-09-16,2.64,9180,0,1149,155,103,265,5540,1030,4588
1383,2019-09-23,2.741,9384,0,1136,56,449,376,5079,702,5000
1384,2019-09-30,2.737,9554,0,1211,150,263,369,4890,707,5478
1385,2019-10-07,2.742,9332,0,1006,29,161,322,5633,877,4633
1386,2019-10-14,2.727,9391,0,1074,76,144,446,5339,936,5323
1387,2019-10-21,2.735,9855,0,1117,115,192,383,5411,902,5085
1388,2019-10-28,2.692,9824,0,841,56,123,386,2180,153,6733
1389,2019-11-04,2.702,9920,0,823,123,165,396,3735,774,4698
1390,2019-11-11,2.711,8708,0,747,58,206,285,5417,928,4005
1391,2019-11-18,2.688,8791,0,938,170,173,311,6085,1491,4257
1392,2019-11-25,2.672,8778,0,1005,73,203,488,7023,1984,2751
1393,2019-12-02,2.667,9646,0,949,102,208,427,5945,1270,3856
1394,2019-12-09,2.652,8970,0,872,67,162,515,6846,1798,2870
1395,2019-12-16,2.627,9037,0,1090,51,191,317,7663,1924,2156
1396,2019-12-23,2.621,9284,0,971,98,289,206,7678,2133,1951
1397,2019-12-30,2.658,9363,0,979,61,165,305,5854,869,3696
1398,2020-01-06,2.665,9224,0,1207,99,221,425,6142,1129,3839
1399,2020-01-13,2.657,9549,0,931,76,159,337,7012,1591,2783
1400,2020-01-20,2.625,9203,0,1026,93,252,274,7328,1412,1772
1401,2020-01-27,2.595,10024,0,991,68,254,162,6399,1358,2771
1402,2020-02-03,2.546,9287,0,1021,161,141,77,5632,1086,3991
1403,2020-02-10,2.511,9530,0,974,76,162,304,7553,1858,2762
1404,2020-02-17,2.518,8113,0,942,67,179,208,6797,1210,3360
1405,2020-02-24,2.555,9225,0,1102,98,132,346,5945,1475,3898
1406,2020-03-02,2.514,9576,0,878,112,156,135,6145,1015,3447
1407,2020-03-09,2.468,9095,0,985,93,235,396,6356,1249,3179
1408,2020-03-16,2.343,8903,0,701,85,147,267,6213,1411,4077
1409,2020-03-23,2.217,9794,0,1028,123,185,173,6649,1765,4596
1410,2020-03-30,2.103,9533,0,851,115,150,377,5722,1287,4441
1411,2020-04-06,2.022,9098,0,1011,93,214,265,6274,1322,3560
1412,2020-04-13,1.951,8731,0,690,89,164,248,6752,2044,2185
1413,2020-04-20,1.91,8699,0,649,74,120,218,5669,1445,3436
1414,2020-04-27,1.87,8890,0,756,107,184,489,6403,1498,4184
1415,2020-05-04,1.883,8126,0,1077,86,197,349,6649,1487,2933
1416,2020-05-11,1.941,8656,0,732,35,177,248,6566,1573,2368
1417,2020-05-18,1.969,8579,0,584,82,152,267,6491,1578,3823
1418,2020-05-25,2.049,8950,0,928,102,234,329,6919,2175,3685
1419,2020-06-01,2.064,8401,0,1100,63,136,377,6229,1205,4325
1420,2020-06-08,2.123,8137,0,750,96,185,227,6725,1749,3045
1421,2020-06-15,2.185,7772,0,967,57,229,330,8332,2331,2188
1422,2020-06-22,2.216,7707,0,848,77,335,366,7158,2148,3621
1423,2020-06-29,2.26,8027,0,753,65,237,387,6692,1877,3163
1424,2020-07-06,2.265,8355,0,784,102,289,364,7205,2566,2568
1425,2020-07-13,2.283,8895,0,892,87,537,365,6881,1748,4137
1426,2020-07-20,2.275,8540,0,730,108,272,413,6822,2179,3469
1427,2020-07-27,2.265,7867,0,823,140,658,194,7031,1714,3176
1428,2020-08-03,2.266,8426,0,926,116,438,495,6712,2030,4000
1429,2020-08-10,2.256,8342,0,1168,109,630,576,7597,2374,2542
1430,2020-08-17,2.256,8548,0,709,64,391,373,8544,3000,1856
1431,2020-08-24,2.272,9084,0,846,102,444,521,7476,2336,3906
1432,2020-08-31,2.311,9236,0,775,61,354,439,7654,2027,1670
1433,2020-09-07,2.302,8492,0,806,99,130,277,6203,1461,4918
1434,2020-09-14,2.274,8428,0,608,20,163,346,8051,2683,2204
1435,2020-09-21,2.259,9397,0,623,77,168,337,6338,1310,3707
1436,2020-09-28,2.259,9060,0,710,92,321,571,7052,1850,3173
1437,2020-10-05,2.262,9561,0,756,55,153,489,6869,1592,4252
1438,2020-10-12,2.257,8880,0,571,86,184,481,6528,1155,3593
1439,2020-10-19,2.24,9613,0,756,99,106,620,6626,1779,3532
1440,2020-10-26,2.234,9681,0,985,91,252,447,5569,1508,4455
1441,2020-11-02,2.204,9951,0,1149,128,224,467,6688,1828,3831
1442,2020-11-09,2.188,9687,0,856,67,193,357,7590,2367,2763
1443,2020-11-16,2.202,9829,0,836,36,183,334,7837,2640,2245
1444,2020-11-23,2.194,9928,0,1102,67,253,512,7398,1723,3065
1445,2020-11-30,2.211,9455,0,954,86,211,430,7475,2576,2330
1446,2020-12-07,2.246,9535,0,788,64,236,244,7554,1782,2169
1447,2020-12-14,2.247,9699,0,838,62,270,135,7528,2180,1855
1448,2020-12-21,2.311,10112,0,844,51,171,274,7839,2485,1204
1449,2020-12-28,2.33,9481,0,1031,54,183,284,7337,2405,2106
1450,2021-01-04,2.336,9413,0,1254,118,297,323,6455,2050,2638
1451,2021-01-11,2.403,9281,0,921,59,146,282,7171,1969,2215
1452,2021-01-18,2.464,9977,0,1175,78,174,331,8714,2442,1382
1453,2021-01-25,2.478,11153,0,1082,86,149,333,9049,3203,-211
1454,2021-02-01,2.495,9629,0,1233,65,187,425,7814,2274,1322
1455,2021-02-08,2.548,9441,0,958,70,315,458,7777,2325,1458
1456,2021-02-15,2.588,9561,0,1079,77,260,433,8856,2969,642
1457,2021-02-22,2.717,9881,0,1410,93,163,272,7616,2237,1392
1458,2021-03-01,2.796,9679,0,1142,69,196,343,6937,2065,2994
1459,2021-03-08,2.857,8885,0,1083,94,253,359,7685,2966,2237
1460,2021-03-15,2.94,9027,0,644,136,194,269,6954,2035,3358
1461,2021-03-22,2.954,9322,0,850,98,203,352,6998,1944,1709
1462,2021-03-29,2.941,9005,0,881,120,195,314,8022,2870,1886
1463,2021-04-05,2.945,8926,0,713,28,179,314,7541,2364,631
1464,2021-04-12,2.939,8128,0,708,64,188,363,8330,3607,1106
1465,2021-04-19,2.945,8600,0,779,80,140,295,8164,3359,-162
1466,2021-04-26,2.962,9463,0,999,37,190,387,8272,2803,639
1467,2021-05-03,2.981,8578,0,871,74,92,337,7785,2546,1113
1468,2021-05-10,3.051,8089,0,802,53,180,336,7589,3392,1459
1469,2021-05-17,3.118,7864,0,562,31,87,433,8084,2886,677
1470,2021-05-24,3.112,9024,0,784,113,130,341,7594,2723,1276
1471,2021-05-31,3.119,8446,0,698,35,112,311,7545,2349,1090
1472,2021-06-07,3.128,9053,0,866,130,256,437,7716,2401,990
1473,2021-06-14,3.161,7690,0,876,29,263,328,8230,2681,1770
1474,2021-06-21,3.153,8741,0,1007,60,217,471,7767,2611,1901
1475,2021-06-28,3.185,8813,0,775,41,251,543,7548,2322,1679
1476,2021-07-05,3.216,8446,0,513,81,156,165,8562,3347,1207
1477,2021-07-12,3.227,8895,0,871,79,368,428,8067,2922,1633
1478,2021-07-19,3.247,8999,0,722,63,241,559,8563,3317,861
1479,2021-07-26,3.232,9385,0,644,16,254,366,8344,3298,2189
1480,2021-08-02,3.256,9014,0,1173,127,318,284,7852,3122,2320
1481,2021-08-09,3.269,8909,0,1037,61,296,457,8831,3422,740
1482,2021-08-16,3.272,8266,0,935,61,211,525,9377,3770,-676
1483,2021-08-23,3.243,8106,0,808,24,171,180,7925,2990,1347
1484,2021-08-30,3.237,8010,0,808,51,170,293,8337,3048,1651
1485,2021-09-06,3.273,8300,0,761,16,252,414,7058,2534,2167
1486,2021-09-13,3.262,8681,0,648,14,161,477,7994,3292,1639
1487,2021-09-20,3.28,8987,0,695,27,192,445,8401,2574,932
1488,2021-09-27,3.271,9128,0,884,101,243,451,6919,1865,2845
1489,2021-10-04,3.285,8950,0,1077,64,131,302,7736,2683,2622
1490,2021-10-11,3.36,8571,0,889,68,101,493,8088,2803,1353
1491,2021-10-18,3.416,8053,0,853,79,293,375,8332,3019,242
1492,2021-10-25,3.476,9266,0,1050,128,121,477,8384,3061,781
1493,2021-11-01,3.484,8877,0,1106,54,197,462,7921,3295,620
1494,2021-11-08,3.505,8964,0,1213,72,166,360,8725,3175,184
1495,2021-11-15,3.495,8570,0,862,102,112,205,8095,2983,693
1496,2021-11-22,3.493,9232,0,1447,73,103,547,7788,2867,486
1497,2021-11-29,3.478,9518,0,1239,63,123,374,8620,3401,-30
1498,2021-12-06,3.44,8600,0,1158,98,155,352,8233,3248,-31
1499,2021-12-13,3.414,8638,0,1115,86,125,261,8619,3683,-621
1500,2021-12-20,3.395,9149,0,867,72,122,405,8428,3327,773
1501,2021-12-27,3.375,8878,0,683,53,80,349,7024,2371,1439
1502,2022-01-03,3.381,9854,0,700,53,123,389,7727,2633,439
1503,2022-01-10,3.394,9000,0,752,73,109,235,8411,3027,-310
1504,2022-01-17,3.404,9343,0,881,114,92,204,8685,3480,113
1505,2022-01-24,3.421,9840,0,662,80,161,275,8413,3135,-62
1506,2022-01-31,3.464,9134,0,845,108,205,209,8937,3400,148
1507,2022-02-07,3.538,9100,0,633,75,99,256,8602,3633,771
1508,2022-02-14,3.581,9285,0,677,18,97,300,9126,3397,-408
1509,2022-02-21,3.624,8808,0,894,18,161,310,10134,4462,-1730
1510,2022-02-28,3.701,9607,0,608,39,176,283,8233,3064,610
1511,2022-03-07,4.196,8537,0,597,15,152,145,8296,3481,74
1512,2022-03-14,4.414,8542,0,659,4,154,255,8786,3414,15
1513,2022-03-21,4.343,8351,0,692,14,158,226,9360,3509,-852
1514,2022-03-28,4.334,9702,0,541,55,150,342,9153,3413,50
1515,2022-04-04,4.274,8700,0,505,7,208,333,8328,2970,395
1516,2022-04-11,4.196,9086,0,418,86,117,251,9290,3564,-1207
1517,2022-04-18,4.17,7921,0,458,48,107,213,9197,3657,-1294
1518,2022-04-25,4.211,9373,0,675,45,147,279,9731,4154,-1522
1519,2022-05-02,4.285,8954,0,781,32,122,388,9050,3410,-339
1520,2022-05-09,4.428,8618,0,750,116,102,226,9847,4378,-880
1521,2022-05-16,4.591,8565,0,762,58,82,317,9479,3850,-1347
1522,2022-05-23,4.694,8319,0,956,49,135,295,8451,3155,-196
1523,2022-05-30,4.727,9061,0,619,79,150,444,8362,2833,-419
1524,2022-06-06,4.977,9436,0,820,29,198,592,9783,3436,-2281
1525,2022-06-13,5.107,8322,0,776,10,118,562,8028,2890,-1582
1526,2022-06-20,5.066,7581,0,601,9,128,221,8676,3302,-1566
1527,2022-06-27,4.979,8990,0,525,39,166,414,7874,3546,-398
1528,2022-07-04,4.879,9024,0,734,36,229,227,7459,3525,-278
1529,2022-07-11,4.754,9907,0,444,7,163,239,6919,3239,388
1530,2022-07-18,4.599,8265,0,553,1,219,298,7523,3176,1232
1531,2022-07-25,4.44,8853,0,722,4,146,261,7220,2794,794
1532,2022-08-01,4.304,8880,0,1045,7,192,392,7057,2439,1866
1533,2022-08-08,4.151,8413,0,715,5,111,310,6815,2462,1479
1534,2022-08-15,4.051,8756,0,548,87,132,178,7786,3157,951
1535,2022-08-22,3.993,9091,0,845,28,122,330,7836,3092,70
1536,2022-08-29,3.938,9187,0,599,52,217,147,7604,2387,2027
1537,2022-09-05,3.859,8712,0,576,34,171,160,7375,2543,-75
1538,2022-09-12,3.805,8716,0,532,4,141,261,7893,2993,-30
1539,2022-09-19,3.771,8224,0,632,3,174,275,7290,3211,-35
1540,2022-09-26,3.832,9269,0,564,7,165,197,8078,2819,182
1541,2022-10-03,3.909,9774,0,885,55,224,288,7805,3143,118
1542,2022-10-10,4.034,8522,0,705,11,64,280,7790,2137,-709
1543,2022-10-17,3.99,8718,0,427,98,119,217,7882,3363,166
